skill_id,name_ja,name_en,classification,fp_L2,fp_R1,fp_R2,animations,missing_dependencies,simulator_ready,blockers
0,,,internal_or_unclassified,0,0,0,0,0,False,no_named_animation_mapping
1,なし,No Skill,no_skill,0,0,0,0,0,False,
10,戦技なし,No Skill,no_skill,,,,0,1,False,missing_parameter_dependency
100,獅子斬り,Lion's Claw,player_linked_candidate,20,,,2,0,False,in_game_validation_missing|input_selector_graph_unverified|speed_gradient_requires_integration|time_cycle_unverified
101,貫通突き,Impaling Thrust,player_linked_candidate,9,,,24,0,False,in_game_validation_missing|input_selector_graph_unverified|source_has_no_weapon_users|speed_gradient_requires_integration|time_cycle_unverified|window_without_generated_attack_refs
102,牙突き,Piercing Fang,player_linked_candidate,16,,,4,0,False,in_game_validation_missing|input_selector_graph_unverified|source_has_no_weapon_users|speed_gradient_requires_integration|time_cycle_unverified|window_without_generated_attack_refs
103,回転斬り,Spinning Slash,player_linked_candidate,6,,12,24,0,False,in_game_validation_missing|input_selector_graph_unverified|reference_sheet_version_bridge_unverified|source_has_no_weapon_users|time_cycle_unverified|window_without_generated_attack_refs
104,回転薙ぎ,,internal_or_unclassified,8,,14,0,0,False,no_named_animation_mapping
105,突撃,Charge Forth,player_linked_candidate,16,,,8,0,False,in_game_validation_missing|input_selector_graph_unverified|source_has_no_weapon_users|speed_gradient_requires_integration|time_cycle_unverified|window_without_generated_attack_refs
106,踏み込み（斬り上げ）,Stamp (Upward Cut),player_linked_candidate,5,,8,4,0,False,in_game_validation_missing|input_selector_graph_unverified|time_cycle_unverified
107,踏み込み（回転薙ぎ）,Stamp (Sweep),player_linked_candidate,5,,8,12,0,False,in_game_validation_missing|input_selector_graph_unverified|source_has_no_weapon_users|time_cycle_unverified|window_without_generated_attack_refs
108,血の徴収,Blood Tax,player_linked_candidate,14,,,8,0,False,in_game_validation_missing|input_selector_graph_unverified|named_effect_activation_not_verified|source_has_no_weapon_users|speed_gradient_requires_integration|time_cycle_unverified|window_without_generated_attack_refs
109,連続突き,Repeating Thrust,player_linked_candidate,7,,,8,0,False,in_game_validation_missing|input_selector_graph_unverified|source_has_no_weapon_users|speed_gradient_requires_integration|time_cycle_unverified|window_without_generated_attack_refs
110,乱撃,Wild Strikes,player_linked_candidate,2,10,15,18,0,False,in_game_validation_missing|input_selector_graph_unverified|time_cycle_unverified
111,回転撃,Spinning Strikes,player_linked_candidate,2,10,15,18,1,False,in_game_validation_missing|input_selector_graph_unverified|missing_parameter_dependency|time_cycle_unverified
112,二連斬り,Double Slash,player_linked_candidate,6,,3,18,0,False,in_game_validation_missing|input_selector_graph_unverified|reference_sheet_version_bridge_unverified|time_cycle_unverified
113,司教の突進,Prelate's Charge,player_linked_candidate,7,,7,6,0,False,in_game_validation_missing|input_selector_graph_unverified|reference_sheet_version_bridge_unverified|time_cycle_unverified
114,居合,Unsheathe,player_linked_candidate,0,10,15,8,1,False,in_game_validation_missing|input_selector_graph_unverified|missing_parameter_dependency|reference_sheet_version_bridge_unverified|time_cycle_unverified
115,構え,Square Off,player_linked_candidate,0,6,8,8,1,False,in_game_validation_missing|input_selector_graph_unverified|missing_parameter_dependency|reference_sheet_version_bridge_unverified|time_cycle_unverified
116,巨人狩り,Giant Hunt,player_linked_candidate,16,,,4,0,False,in_game_validation_missing|input_selector_graph_unverified|source_has_no_weapon_users|time_cycle_unverified|window_without_generated_attack_refs
117,松明攻撃,Torch Attack,player_linked_candidate,0,,,4,0,False,in_game_validation_missing|input_selector_graph_unverified|time_cycle_unverified
118,ローレッタの斬撃,Loretta's Slash,player_linked_candidate,14,,,6,0,False,in_game_validation_missing|input_selector_graph_unverified|named_effect_activation_not_verified|reference_sheet_version_bridge_unverified|source_has_no_weapon_users|time_cycle_unverified|window_without_generated_attack_refs
119,毒蛾は二度舞う,Poison Moth Flight,player_linked_candidate,7,,,4,0,False,in_game_validation_missing|input_selector_graph_unverified|named_effect_activation_not_verified|reference_sheet_version_bridge_unverified|source_has_no_weapon_users|speed_gradient_requires_integration|time_cycle_unverified|window_without_generated_attack_refs
120,回れ回れ,Spinning Weapon,player_linked_candidate,12,,,8,0,False,in_game_validation_missing|input_selector_graph_unverified|source_has_no_weapon_users|time_cycle_unverified|window_without_generated_attack_refs
121,,,internal_or_unclassified,14,,,0,0,False,no_named_animation_mapping
122,嵐の襲撃,Storm Assault,player_linked_candidate,22,,,8,0,False,in_game_validation_missing|input_selector_graph_unverified|reference_sheet_version_bridge_unverified|source_has_no_weapon_users|time_cycle_unverified|window_without_generated_attack_refs
123,嵐呼び,Stormcaller,player_linked_candidate,9,,11,18,0,False,in_game_validation_missing|input_selector_graph_unverified|reference_sheet_version_bridge_unverified|speed_gradient_requires_integration|time_cycle_unverified
124,剣舞,Sword Dance,player_linked_candidate,6,,6,20,0,False,in_game_validation_missing|input_selector_graph_unverified|source_has_no_weapon_users|time_cycle_unverified|window_without_generated_attack_refs
125,鎖回し,Spinning Chain,player_linked_candidate,8,8,10,18,1,False,in_game_validation_missing|input_selector_graph_unverified|missing_parameter_dependency|source_has_no_weapon_users|time_cycle_unverified|window_without_generated_attack_refs
200,輝剣の円陣,Glintblade Phalanx,player_linked_candidate,10,,4,8,0,False,in_game_validation_missing|input_selector_graph_unverified|reference_sheet_version_bridge_unverified|source_has_no_weapon_users|time_cycle_unverified|window_without_generated_attack_refs
201,聖なる刃,Sacred Blade,player_linked_candidate,19,,,2,0,False,in_game_validation_missing|input_selector_graph_unverified|named_effect_activation_not_verified|reference_sheet_version_bridge_unverified|speed_gradient_requires_integration|time_cycle_unverified
202,氷槍,Ice Spear,player_linked_candidate,15,,,4,0,False,in_game_validation_missing|input_selector_graph_unverified|named_effect_activation_not_verified|reference_sheet_version_bridge_unverified|time_cycle_unverified
203,輝石のつぶて,Glintstone Pebble,player_linked_candidate,8,,4,8,0,False,in_game_validation_missing|input_selector_graph_unverified|reference_sheet_version_bridge_unverified|source_has_no_weapon_users|time_cycle_unverified|window_without_generated_attack_refs
204,血の斬撃,Bloody Slash,player_linked_candidate,6,,,6,0,False,in_game_validation_missing|input_selector_graph_unverified|named_effect_activation_not_verified|reference_sheet_version_bridge_unverified|time_cycle_unverified
205,命奪拳,Lifesteal Fist,player_linked_candidate,14,,,3,0,False,in_game_validation_missing|input_selector_graph_unverified|named_effect_activation_not_verified|reference_sheet_version_bridge_unverified|speed_gradient_requires_integration|time_cycle_unverified
207,溶岩噴火,Eruption,player_linked_candidate,14,,,2,0,False,in_game_validation_missing|input_selector_graph_unverified|reference_sheet_version_bridge_unverified|time_cycle_unverified|unresolved_generated_behavior_connection
208,祈りの一撃,Prayerful Strike,player_linked_candidate,20,,,4,0,False,in_game_validation_missing|input_selector_graph_unverified|named_effect_activation_not_verified|reference_sheet_version_bridge_unverified|time_cycle_unverified
209,グラビタス,Gravitas,player_linked_candidate,13,,,6,0,False,in_game_validation_missing|input_selector_graph_unverified|reference_sheet_version_bridge_unverified|source_has_no_weapon_users|speed_gradient_requires_integration|time_cycle_unverified|window_without_generated_attack_refs
210,嵐の刃,Storm Blade,player_linked_candidate,10,,6,6,0,False,in_game_validation_missing|input_selector_graph_unverified|reference_sheet_version_bridge_unverified|speed_gradient_requires_integration|time_cycle_unverified
212,地揺らし,Earthshaker,player_linked_candidate,10,,5,4,0,False,in_game_validation_missing|input_selector_graph_unverified|reference_sheet_version_bridge_unverified|speed_gradient_requires_integration|time_cycle_unverified
213,黄金の地,Golden Land,player_linked_candidate,16,,5,4,0,False,in_game_validation_missing|input_selector_graph_unverified|reference_sheet_version_bridge_unverified|time_cycle_unverified
214,炎撃,Flaming Strike,player_linked_candidate,4,,10,8,0,False,in_game_validation_missing|input_selector_graph_unverified|named_effect_activation_not_verified|reference_sheet_version_bridge_unverified|source_has_no_weapon_users|time_cycle_unverified|window_without_generated_attack_refs
216,落雷,Thunderbolt,player_linked_candidate,10,,10,12,0,False,in_game_validation_missing|input_selector_graph_unverified|named_effect_activation_not_verified|reference_sheet_version_bridge_unverified|source_has_no_weapon_users|time_cycle_unverified|window_without_generated_attack_refs
217,雷撃斬,Lightning Slash,player_linked_candidate,10,,,4,0,False,in_game_validation_missing|input_selector_graph_unverified|named_effect_activation_not_verified|reference_sheet_version_bridge_unverified|speed_gradient_requires_integration|time_cycle_unverified
218,グレート・カーリア,Carian Grandeur,player_linked_candidate,26,,,6,0,False,in_game_validation_missing|input_selector_graph_unverified|reference_sheet_version_bridge_unverified|speed_gradient_requires_integration|time_cycle_unverified
219,カーリアの大剣,Carian Greatsword,player_linked_candidate,16,,,4,0,False,in_game_validation_missing|input_selector_graph_unverified|reference_sheet_version_bridge_unverified|speed_gradient_requires_integration|time_cycle_unverified
220,真空斬り,Vacuum Slice,player_linked_candidate,14,,,2,0,False,in_game_validation_missing|input_selector_graph_unverified|reference_sheet_version_bridge_unverified|speed_gradient_requires_integration|time_cycle_unverified
221,黒炎の渦,Black Flame Tornado,player_linked_candidate,30,,,4,1,False,in_game_validation_missing|input_selector_graph_unverified|missing_parameter_dependency|named_effect_activation_not_verified|reference_sheet_version_bridge_unverified|time_cycle_unverified
222,聖なる光輪,Sacred Ring of Light,player_linked_candidate,9,,9,6,0,False,in_game_validation_missing|input_selector_graph_unverified|reference_sheet_version_bridge_unverified|speed_gradient_requires_integration|time_cycle_unverified
223,火吹き,Firebreather,player_linked_candidate,8,,,6,0,False,in_game_validation_missing|input_selector_graph_unverified|time_cycle_unverified
224,血の刃,Blood Blade,player_linked_candidate,3,,3,12,0,False,in_game_validation_missing|input_selector_graph_unverified|named_effect_activation_not_verified|reference_sheet_version_bridge_unverified|source_has_no_weapon_users|time_cycle_unverified|window_without_generated_attack_refs
225,共撃の幻,Phantom Slash,player_linked_candidate,8,,8,4,0,False,in_game_validation_missing|input_selector_graph_unverified|reference_sheet_version_bridge_unverified|time_cycle_unverified
226,幻影の槍,Spectral Lance,player_linked_candidate,9,,,2,0,False,in_game_validation_missing|input_selector_graph_unverified|reference_sheet_version_bridge_unverified|time_cycle_unverified
227,冷気の霧,Chilling Mist,player_linked_candidate,14,,,2,0,False,in_game_validation_missing|input_selector_graph_unverified|named_effect_activation_not_verified|reference_sheet_version_bridge_unverified|speed_gradient_requires_integration|time_cycle_unverified
228,毒の霧,Poisonous Mist,player_linked_candidate,14,,,2,0,False,in_game_validation_missing|input_selector_graph_unverified|named_effect_activation_not_verified|reference_sheet_version_bridge_unverified|speed_gradient_requires_integration|time_cycle_unverified
300,シールドバッシュ,Shield Bash,player_linked_candidate,10,,,20,1,False,in_game_validation_missing|input_selector_graph_unverified|missing_parameter_dependency|source_has_no_weapon_users|speed_gradient_requires_integration|time_cycle_unverified|window_without_generated_attack_refs
301,鉄壁の盾,Barricade Shield,player_linked_candidate,12,,,36,0,False,in_game_validation_missing|input_selector_graph_unverified|named_effect_activation_not_verified|reference_sheet_version_bridge_unverified|source_has_no_weapon_users|time_cycle_unverified
302,パリィ,Parry,player_linked_candidate,0,,,12,0,False,in_game_validation_missing|input_selector_graph_unverified|time_cycle_unverified
303,バックラーパリィ,Buckler Parry,player_linked_candidate,0,,,5,0,False,in_game_validation_missing|input_selector_graph_unverified|source_has_no_weapon_users|time_cycle_unverified|window_without_generated_attack_refs
305,カーリアの返報,Carian Retaliation,player_linked_candidate,8,,,6,0,False,in_game_validation_missing|input_selector_graph_unverified|named_effect_activation_not_verified|reference_sheet_version_bridge_unverified|time_cycle_unverified
306,嵐の壁,Storm Wall,player_linked_candidate,0,,,6,0,False,in_game_validation_missing|input_selector_graph_unverified|time_cycle_unverified
307,黄金パリィ,Golden Parry,player_linked_candidate,4,,,6,0,False,in_game_validation_missing|input_selector_graph_unverified|time_cycle_unverified
308,突撃バッシュ,Shield Crash,player_linked_candidate,12,,,40,0,False,in_game_validation_missing|input_selector_graph_unverified|source_has_no_weapon_users|speed_gradient_requires_integration|time_cycle_unverified|window_without_generated_attack_refs
309,トープスの力場,Thops's Barrier,player_linked_candidate,0,,,6,0,False,in_game_validation_missing|input_selector_graph_unverified|time_cycle_unverified
400,貫通射撃,Through and Through,player_linked_candidate,0,9,9,5,0,False,in_game_validation_missing|input_selector_graph_unverified|time_cycle_unverified
401,連続射撃,Barrage,player_linked_candidate,0,2,2,6,0,False,in_game_validation_missing|input_selector_graph_unverified|time_cycle_unverified
402,強射,Mighty Shot,player_linked_candidate,0,6,6,6,0,False,in_game_validation_missing|input_selector_graph_unverified|speed_gradient_requires_integration|time_cycle_unverified
404,宿し撃ち,Enchanted Shot,player_linked_candidate,0,8,8,6,0,False,in_game_validation_missing|input_selector_graph_unverified|speed_gradient_requires_integration|time_cycle_unverified
405,空撃ち,Sky Shot,player_linked_candidate,0,3,3,7,0,False,in_game_validation_missing|input_selector_graph_unverified|source_has_no_weapon_users|speed_gradient_requires_integration|time_cycle_unverified|window_without_generated_attack_refs
406,アローレイン,Rain of Arrows,player_linked_candidate,0,20,20,7,0,False,in_game_validation_missing|input_selector_graph_unverified|time_cycle_unverified
407,不可視の矢,,internal_or_unclassified,0,8,8,0,0,False,no_named_animation_mapping
501,霜踏み,Hoarfrost Stomp,player_linked_candidate,10,,,2,0,False,in_game_validation_missing|input_selector_graph_unverified|reference_sheet_version_bridge_unverified|speed_gradient_requires_integration|time_cycle_unverified
502,嵐脚,Storm Stomp,player_linked_candidate,6,,,2,0,False,in_game_validation_missing|input_selector_graph_unverified|reference_sheet_version_bridge_unverified|time_cycle_unverified
503,キック,Kick,player_linked_candidate,0,,,2,1,False,in_game_validation_missing|input_selector_graph_unverified|missing_parameter_dependency|speed_gradient_requires_integration|time_cycle_unverified
504,雷の羊,Lightning Ram,player_linked_candidate,5,,5,4,0,False,in_game_validation_missing|input_selector_graph_unverified|reference_sheet_version_bridge_unverified|time_cycle_unverified
505,赤獅子の炎,Flame of the Redmanes,player_linked_candidate,14,,,4,0,False,in_game_validation_missing|input_selector_graph_unverified|reference_sheet_version_bridge_unverified|source_has_no_weapon_users|time_cycle_unverified|window_without_generated_attack_refs
506,ヒップドロップ,Ground Slam,player_linked_candidate,14,,,6,0,False,in_game_validation_missing|input_selector_graph_unverified|reference_sheet_version_bridge_unverified|time_cycle_unverified
507,黄金の尻撃,Golden Slam,player_linked_candidate,22,,,6,0,False,in_game_validation_missing|input_selector_graph_unverified|reference_sheet_version_bridge_unverified|time_cycle_unverified
508,暗黒波,Waves of Darkness,player_linked_candidate,16,,5,4,0,False,in_game_validation_missing|input_selector_graph_unverified|reference_sheet_version_bridge_unverified|time_cycle_unverified
509,ホーラ・ルーの地揺らし,Hoarah Loux's Earthshaker,player_linked_candidate,16,,16,4,0,False,in_game_validation_missing|input_selector_graph_unverified|reference_sheet_version_bridge_unverified|speed_gradient_requires_integration|time_cycle_unverified
600,デターミネーション,Determination,player_linked_candidate,10,,,2,0,False,in_game_validation_missing|input_selector_graph_unverified|named_effect_activation_not_verified|time_cycle_unverified
601,王騎士の決意,Royal Knight's Resolve,player_linked_candidate,15,,,2,0,False,in_game_validation_missing|input_selector_graph_unverified|named_effect_activation_not_verified|time_cycle_unverified
602,暗殺の作法,Assassin's Gambit,player_linked_candidate,5,,,4,0,False,in_game_validation_missing|input_selector_graph_unverified|named_effect_activation_not_verified|source_has_no_weapon_users|speed_gradient_requires_integration|time_cycle_unverified
603,黄金樹に誓って,Golden Vow,player_linked_candidate,40,,,2,0,False,in_game_validation_missing|input_selector_graph_unverified|named_effect_activation_not_verified|time_cycle_unverified
604,聖律,Sacred Order,player_linked_candidate,18,,,6,0,False,in_game_validation_missing|input_selector_graph_unverified|named_effect_activation_not_verified|source_has_no_weapon_users|time_cycle_unverified
605,聖律共有,Shared Order,player_linked_candidate,20,,,6,0,False,in_game_validation_missing|input_selector_graph_unverified|named_effect_activation_not_verified|reference_sheet_version_bridge_unverified|source_has_no_weapon_users|time_cycle_unverified|window_without_generated_attack_refs
606,切腹,Seppuku,player_linked_candidate,4,,,2,0,False,in_game_validation_missing|input_selector_graph_unverified|named_effect_activation_not_verified|reference_sheet_version_bridge_unverified|time_cycle_unverified
607,岩石剣,Cragblade,player_linked_candidate,16,,,8,0,False,in_game_validation_missing|input_selector_graph_unverified|named_effect_activation_not_verified|source_has_no_weapon_users|time_cycle_unverified|window_without_generated_attack_refs
650,野蛮な咆哮,Barbaric Roar,player_linked_candidate,16,,,2,0,False,in_game_validation_missing|input_selector_graph_unverified|reference_sheet_version_bridge_unverified|time_cycle_unverified
651,ウォークライ,War Cry,player_linked_candidate,16,,,2,0,False,in_game_validation_missing|input_selector_graph_unverified|named_effect_activation_not_verified|reference_sheet_version_bridge_unverified|time_cycle_unverified
652,獣の咆哮,Beast's Roar,player_linked_candidate,10,,,4,0,False,in_game_validation_missing|input_selector_graph_unverified|reference_sheet_version_bridge_unverified|source_has_no_weapon_users|time_cycle_unverified|window_without_generated_attack_refs
653,トロルの咆哮,Troll's Roar,player_linked_candidate,22,,,6,0,False,in_game_validation_missing|input_selector_graph_unverified|reference_sheet_version_bridge_unverified|speed_gradient_requires_integration|time_cycle_unverified
654,誇示する咆哮,Braggart's Roar,player_linked_candidate,16,,,2,1,False,in_game_validation_missing|input_selector_graph_unverified|missing_parameter_dependency|named_effect_activation_not_verified|reference_sheet_version_bridge_unverified|time_cycle_unverified
700,我慢,Endure,player_linked_candidate,9,,,8,0,False,in_game_validation_missing|input_selector_graph_unverified|named_effect_activation_not_verified|source_has_no_weapon_users|time_cycle_unverified|window_without_generated_attack_refs
701,無敵,Vow of the Indomitable,player_linked_candidate,20,,,8,0,False,in_game_validation_missing|input_selector_graph_unverified|source_has_no_weapon_users|time_cycle_unverified
702,聖域,Holy Ground,player_linked_candidate,30,,,8,0,False,in_game_validation_missing|input_selector_graph_unverified|named_effect_activation_not_verified|source_has_no_weapon_users|time_cycle_unverified|window_without_generated_attack_refs
800,クイックステップ,Quickstep,player_linked_candidate,3,,,32,0,False,in_game_validation_missing|input_selector_graph_unverified|source_has_no_weapon_users|time_cycle_unverified
801,猟犬のステップ,Bloodhound's Step,player_linked_candidate,5,,,32,0,False,in_game_validation_missing|input_selector_graph_unverified|source_has_no_weapon_users|time_cycle_unverified
802,霧の猛禽,Raptor of the Mists,player_linked_candidate,6,,,4,0,False,in_game_validation_missing|input_selector_graph_unverified|named_effect_activation_not_verified|time_cycle_unverified
850,白い影の誘い,White Shadow's Lure,player_linked_candidate,15,,,2,0,False,in_game_validation_missing|input_selector_graph_unverified|time_cycle_unverified
1000,噴き上がる信仰,Surge of Faith,player_linked_candidate,15,,15,4,0,False,in_game_validation_missing|input_selector_graph_unverified|speed_gradient_requires_integration|time_cycle_unverified
1001,炎の唾,Flame Spit,player_linked_candidate,28,,,12,1,False,in_game_validation_missing|input_selector_graph_unverified|missing_parameter_dependency|time_cycle_unverified
1002,火炎舌,Tongues of Fire,player_linked_candidate,5,,,12,0,False,in_game_validation_missing|input_selector_graph_unverified|time_cycle_unverified
1003,神託のシャボン,Oracular Bubble,player_linked_candidate,6,,6,6,0,False,in_game_validation_missing|input_selector_graph_unverified|time_cycle_unverified
1004,降り注ぐシャボン,Bubble Shower,player_linked_candidate,16,,,2,0,False,in_game_validation_missing|input_selector_graph_unverified|time_cycle_unverified
1005,神託の大シャボン,Great Oracular Bubble,player_linked_candidate,16,,,2,0,False,in_game_validation_missing|input_selector_graph_unverified|speed_gradient_requires_integration|time_cycle_unverified
1006,溶岩の海,Sea of Magma,player_linked_candidate,5,,5,6,0,False,in_game_validation_missing|input_selector_graph_unverified|speed_gradient_requires_integration|time_cycle_unverified
1007,毒蛇の噛みつき,Viper Bite,player_linked_candidate,8,,,6,0,False,in_game_validation_missing|input_selector_graph_unverified|reference_sheet_version_bridge_unverified|time_cycle_unverified
1008,月光剣,Moonlight Greatsword,player_linked_candidate,32,,,2,0,False,in_game_validation_missing|input_selector_graph_unverified|speed_gradient_requires_integration|time_cycle_unverified
1009,シルリアの渦,Siluria's Woe,player_linked_candidate,25,,,4,0,False,in_game_validation_missing|input_selector_graph_unverified|speed_gradient_requires_integration|time_cycle_unverified
1010,軍旗の下に,Rallying Standard,player_linked_candidate,30,,,2,0,False,in_game_validation_missing|input_selector_graph_unverified|reference_sheet_version_bridge_unverified|time_cycle_unverified
1011,ご照覧あれい！,Bear Witness!,player_linked_candidate,20,,,4,0,False,in_game_validation_missing|input_selector_graph_unverified|speed_gradient_requires_integration|time_cycle_unverified
1012,エオヒドの剣舞,Eochaid's Dancing Blade,player_linked_candidate,15,,,4,0,False,in_game_validation_missing|input_selector_graph_unverified|reference_sheet_version_bridge_unverified|time_cycle_unverified
1013,霊障招き,Soul Stifler,player_linked_candidate,12,,,4,0,False,in_game_validation_missing|input_selector_graph_unverified|time_cycle_unverified
1014,略奪の炎,Taker's Flames,player_linked_candidate,30,,,6,0,False,in_game_validation_missing|input_selector_graph_unverified|time_cycle_unverified|unresolved_generated_behavior_connection|window_without_generated_attack_refs
1015,ミエロスの絶叫,Shriek of Milos,player_linked_candidate,30,,,2,0,False,in_game_validation_missing|input_selector_graph_unverified|reference_sheet_version_bridge_unverified|time_cycle_unverified
1016,レドゥビアの血刃,Reduvia Blood Blade,player_linked_candidate,6,,6,6,0,False,in_game_validation_missing|input_selector_graph_unverified|reference_sheet_version_bridge_unverified|time_cycle_unverified
1017,輝石の彗礫,Glintstone Dart,player_linked_candidate,10,,4,6,0,False,in_game_validation_missing|input_selector_graph_unverified|time_cycle_unverified
1018,流体化,Flowing Form,player_linked_candidate,9,,,4,0,False,in_game_validation_missing|input_selector_graph_unverified|reference_sheet_version_bridge_unverified|speed_gradient_requires_integration|time_cycle_unverified
1019,夜と炎の構え,Night-and-Flame Stance,player_linked_candidate,0,26,32,8,1,False,in_game_validation_missing|input_selector_graph_unverified|missing_parameter_dependency|time_cycle_unverified
1020,黄金波,Wave of Gold,player_linked_candidate,42,,,2,0,False,in_game_validation_missing|input_selector_graph_unverified|speed_gradient_requires_integration|time_cycle_unverified
1021,滅びの霊炎,Ruinous Ghostflame,player_linked_candidate,20,,,2,0,False,in_game_validation_missing|input_selector_graph_unverified|reference_sheet_version_bridge_unverified|time_cycle_unverified
1022,黄金律掲揚,Establish Order,player_linked_candidate,20,,20,4,0,False,in_game_validation_missing|input_selector_graph_unverified|speed_gradient_requires_integration|time_cycle_unverified
1023,眠りの霧,Mists of Slumber,player_linked_candidate,20,,,2,0,False,in_game_validation_missing|input_selector_graph_unverified|reference_sheet_version_bridge_unverified|speed_gradient_requires_integration|time_cycle_unverified
1024,槍呼びの儀,Spearcall Ritual,player_linked_candidate,20,,,2,0,False,in_game_validation_missing|input_selector_graph_unverified|speed_gradient_requires_integration|time_cycle_unverified
1025,狼の襲撃,Wolf's Assault,player_linked_candidate,20,,,2,0,False,in_game_validation_missing|input_selector_graph_unverified|speed_gradient_requires_integration|time_cycle_unverified
1026,雷雲の姿,Thundercloud Form,player_linked_candidate,28,,,4,0,False,in_game_validation_missing|input_selector_graph_unverified|reference_sheet_version_bridge_unverified|speed_gradient_requires_integration|time_cycle_unverified
1027,呪血の斬撃,Cursed-Blood Slice,player_linked_candidate,20,,20,4,0,False,in_game_validation_missing|input_selector_graph_unverified|reference_sheet_version_bridge_unverified|speed_gradient_requires_integration|time_cycle_unverified
1028,水鳥乱舞,Waterfowl Dance,player_linked_candidate,12,,9,6,0,False,in_game_validation_missing|input_selector_graph_unverified|time_cycle_unverified
1029,黄金砕き,Gold Breaker,player_linked_candidate,26,,,4,0,False,in_game_validation_missing|input_selector_graph_unverified|speed_gradient_requires_integration|time_cycle_unverified
1030,地に伏せよ！,I Command Thee- Kneel!,player_linked_candidate,15,,15,4,0,False,in_game_validation_missing|input_selector_graph_unverified|speed_gradient_requires_integration|time_cycle_unverified
1031,王の雄叫び,Regal Roar,player_linked_candidate,25,,,4,0,False,in_game_validation_missing|input_selector_graph_unverified|speed_gradient_requires_integration|time_cycle_unverified
1032,星呼び,Starcaller Cry,player_linked_candidate,20,,20,15,0,False,in_game_validation_missing|input_selector_graph_unverified|reference_sheet_version_bridge_unverified|speed_gradient_requires_integration|time_cycle_unverified
1033,崩壊波,Wave of Destruction,player_linked_candidate,25,,,2,0,False,in_game_validation_missing|input_selector_graph_unverified|time_cycle_unverified
1034,血授の儀,Bloodboon Ritual,player_linked_candidate,20,,20,6,0,False,in_game_validation_missing|input_selector_graph_unverified|reference_sheet_version_bridge_unverified|speed_gradient_requires_integration|time_cycle_unverified
1035,流体化,Flowing Form,player_linked_candidate,16,,,4,0,False,in_game_validation_missing|input_selector_graph_unverified|reference_sheet_version_bridge_unverified|speed_gradient_requires_integration|time_cycle_unverified
1036,死の刃,Blade of Death,player_linked_candidate,25,,,2,0,False,in_game_validation_missing|input_selector_graph_unverified|speed_gradient_requires_integration|time_cycle_unverified
1037,黄金の刃,Blade of Gold,player_linked_candidate,17,,,2,0,False,in_game_validation_missing|input_selector_graph_unverified|speed_gradient_requires_integration|time_cycle_unverified
1038,運命の死,Destined Death,player_linked_candidate,40,,,2,0,False,in_game_validation_missing|input_selector_graph_unverified|speed_gradient_requires_integration|time_cycle_unverified
1039,車輪回転,Spinning Wheel,player_linked_candidate,3,,,16,0,False,in_game_validation_missing|input_selector_graph_unverified|reference_sheet_version_bridge_unverified|speed_gradient_requires_integration|time_cycle_unverified|window_without_generated_attack_refs
1040,白王の引力波,Alabaster Lords' Pull,player_linked_candidate,15,,,2,0,False,in_game_validation_missing|input_selector_graph_unverified|speed_gradient_requires_integration|time_cycle_unverified
1041,黒王の斥力波,Onyx Lords' Repulsion,player_linked_candidate,27,,,2,0,False,in_game_validation_missing|input_selector_graph_unverified|speed_gradient_requires_integration|time_cycle_unverified
1042,復讐の誓い,Oath of Vengeance,player_linked_candidate,20,,,2,0,False,in_game_validation_missing|input_selector_graph_unverified|time_cycle_unverified
1043,氷雷剣,Ice Lightning Sword,player_linked_candidate,25,,,2,0,False,in_game_validation_missing|input_selector_graph_unverified|reference_sheet_version_bridge_unverified|speed_gradient_requires_integration|time_cycle_unverified
1044,獣王の爪,Regal Beastclaw,player_linked_candidate,20,,,2,0,False,in_game_validation_missing|input_selector_graph_unverified|reference_sheet_version_bridge_unverified|speed_gradient_requires_integration|time_cycle_unverified
1045,炎の舞,Flame Dance,player_linked_candidate,25,,,2,0,False,in_game_validation_missing|input_selector_graph_unverified|speed_gradient_requires_integration|time_cycle_unverified
1046,爪弾き,Claw Flick,player_linked_candidate,14,,,2,0,False,in_game_validation_missing|input_selector_graph_unverified|time_cycle_unverified
1047,星雲,Nebula,player_linked_candidate,25,,,4,0,False,in_game_validation_missing|input_selector_graph_unverified|speed_gradient_requires_integration|time_cycle_unverified
1048,霊炎発火,Ghostflame Ignition,player_linked_candidate,15,10,10,6,1,False,in_game_validation_missing|input_selector_graph_unverified|missing_parameter_dependency|speed_gradient_requires_integration|time_cycle_unverified
1049,古雷の槍,Ancient Lightning Spear,player_linked_candidate,24,,,4,0,False,in_game_validation_missing|input_selector_graph_unverified|speed_gradient_requires_integration|time_cycle_unverified
1050,狂い火突き,Frenzyflame Thrust,player_linked_candidate,14,,,2,1,False,in_game_validation_missing|input_selector_graph_unverified|missing_parameter_dependency|reference_sheet_version_bridge_unverified|time_cycle_unverified
1051,ミケラの光輪,Miquella's Ring of Light,player_linked_candidate,11,,11,6,0,False,in_game_validation_missing|input_selector_graph_unverified|speed_gradient_requires_integration|time_cycle_unverified
1052,黄金の剣技,Golden Tempering,player_linked_candidate,24,,,13,0,False,in_game_validation_missing|input_selector_graph_unverified|reference_sheet_version_bridge_unverified|speed_gradient_requires_integration|time_cycle_unverified
1053,弔いの墓標,Last Rites,player_linked_candidate,25,,,4,1,False,in_game_validation_missing|input_selector_graph_unverified|missing_parameter_dependency|reference_sheet_version_bridge_unverified|speed_gradient_requires_integration|time_cycle_unverified
1054,防ぎ得ぬ刃,Unblockable Blade,player_linked_candidate,18,,,4,0,False,in_game_validation_missing|input_selector_graph_unverified|reference_sheet_version_bridge_unverified|speed_gradient_requires_integration|time_cycle_unverified
1055,エオヒドの剣舞,Eochaid's Dancing Blade,player_linked_candidate,15,,,4,0,False,in_game_validation_missing|input_selector_graph_unverified|reference_sheet_version_bridge_unverified|time_cycle_unverified
1165,,Loretta's Slash,player_linked_candidate,14,,,6,0,False,in_game_validation_missing|input_selector_graph_unverified|named_effect_activation_not_verified|reference_sheet_version_bridge_unverified|source_has_no_weapon_users|time_cycle_unverified|window_without_generated_attack_refs
1166,,Spinning Slash,player_linked_candidate,17,,11,24,0,False,in_game_validation_missing|input_selector_graph_unverified|reference_sheet_version_bridge_unverified|source_has_no_weapon_users|time_cycle_unverified|window_without_generated_attack_refs
1167,死蝋斬り,Corpse Wax Cutter,player_linked_candidate,16,,,2,0,False,in_game_validation_missing|input_selector_graph_unverified|reference_sheet_version_bridge_unverified|speed_gradient_requires_integration|time_cycle_unverified
1168,ザミェルの氷嵐,Zamor Ice Storm,player_linked_candidate,15,,,2,0,False,in_game_validation_missing|input_selector_graph_unverified|reference_sheet_version_bridge_unverified|time_cycle_unverified
1169,ラダーンの驟雨,Radahn's Rain,player_linked_candidate,,32,,5,0,False,in_game_validation_missing|input_selector_graph_unverified|time_cycle_unverified
1170,女王の黒炎,The Queen's Black Flame,player_linked_candidate,15,,15,4,0,False,in_game_validation_missing|input_selector_graph_unverified|speed_gradient_requires_integration|time_cycle_unverified
1171,王朝剣技,Dynast's Finesse,player_linked_candidate,5,,7,6,0,False,in_game_validation_missing|input_selector_graph_unverified|time_cycle_unverified
1172,溶岩撒き,Magma Shower,player_linked_candidate,12,,12,4,0,False,in_game_validation_missing|input_selector_graph_unverified|time_cycle_unverified
1173,星雲,Nebula,player_linked_candidate,20,,,4,0,False,in_game_validation_missing|input_selector_graph_unverified|speed_gradient_requires_integration|time_cycle_unverified
1174,死のフレア,Death Flare,player_linked_candidate,16,,16,4,0,False,in_game_validation_missing|input_selector_graph_unverified|reference_sheet_version_bridge_unverified|speed_gradient_requires_integration|time_cycle_unverified
1175,猟犬の剣技,Bloodhound's Finesse,player_linked_candidate,8,,12,4,0,False,in_game_validation_missing|input_selector_graph_unverified|time_cycle_unverified
1176,溶岩ギロチン,Magma Guillotine,player_linked_candidate,20,,10,4,0,False,in_game_validation_missing|input_selector_graph_unverified|reference_sheet_version_bridge_unverified|speed_gradient_requires_integration|time_cycle_unverified|window_without_generated_attack_refs
1177,死屍累々,Corpse Piler,player_linked_candidate,17,,9,6,0,False,in_game_validation_missing|input_selector_graph_unverified|reference_sheet_version_bridge_unverified|time_cycle_unverified
1178,束の間の月影,Transient Moonlight,player_linked_candidate,0,15,20,8,1,False,in_game_validation_missing|input_selector_graph_unverified|missing_parameter_dependency|reference_sheet_version_bridge_unverified|time_cycle_unverified
1179,血刃乱舞,Bloodblade Dance,player_linked_candidate,11,,6,4,0,False,in_game_validation_missing|input_selector_graph_unverified|reference_sheet_version_bridge_unverified|time_cycle_unverified
1180,死蝶の舞,,internal_or_unclassified,15,,,0,0,False,no_named_animation_mapping
1181,ミケラの秘剣,,internal_or_unclassified,15,,,0,0,False,no_named_animation_mapping
1182,百智の世界,Knowledge Above All,player_linked_candidate,35,,,2,0,False,in_game_validation_missing|input_selector_graph_unverified|time_cycle_unverified
1183,世界喰らい,Devourer of Worlds,player_linked_candidate,35,,,2,0,False,in_game_validation_missing|input_selector_graph_unverified|reference_sheet_version_bridge_unverified|speed_gradient_requires_integration|time_cycle_unverified
1184,家族の怨霊,Familial Rancor,player_linked_candidate,25,,,4,0,False,in_game_validation_missing|input_selector_graph_unverified|time_cycle_unverified
1185,ローゼスの呼び声,Rosus's Summons,player_linked_candidate,15,,,2,0,False,in_game_validation_missing|input_selector_graph_unverified|speed_gradient_requires_integration|time_cycle_unverified
1186,雷嵐,Thunderstorm,player_linked_candidate,19,,12,6,0,False,in_game_validation_missing|input_selector_graph_unverified|speed_gradient_requires_integration|time_cycle_unverified
1187,聖槍の壁,Sacred Phalanx,player_linked_candidate,12,,,2,0,False,in_game_validation_missing|input_selector_graph_unverified|time_cycle_unverified
1188,大蛇狩り,Great-Serpent Hunt,player_linked_candidate,10,,20,4,0,False,in_game_validation_missing|input_selector_graph_unverified|time_cycle_unverified
1189,天使の翼,Angel's Wings,player_linked_candidate,17,,,2,0,False,in_game_validation_missing|input_selector_graph_unverified|time_cycle_unverified
1190,嵐蹴撃,Storm Kick,player_linked_candidate,10,,,8,0,False,in_game_validation_missing|input_selector_graph_unverified|time_cycle_unverified
1191,防ぎ得ぬ刃,Unblockable Blade,player_linked_candidate,17,,,4,0,False,in_game_validation_missing|input_selector_graph_unverified|reference_sheet_version_bridge_unverified|speed_gradient_requires_integration|time_cycle_unverified
1192,錫杖の魔術,Sorcery of the Crozier,player_linked_candidate,15,,,2,0,False,in_game_validation_missing|input_selector_graph_unverified|time_cycle_unverified
1193,黄金樹の尻撃,Erdtree Slam,player_linked_candidate,19,,,6,0,False,in_game_validation_missing|input_selector_graph_unverified|time_cycle_unverified
1194,重力雷,Gravity Bolt,player_linked_candidate,13,,13,4,0,False,in_game_validation_missing|input_selector_graph_unverified|time_cycle_unverified
1195,眠りの炎,Fires of Slumber,player_linked_candidate,15,,,6,0,False,in_game_validation_missing|input_selector_graph_unverified|time_cycle_unverified
1196,黄金の返報,Golden Retaliation,player_linked_candidate,4,,,10,0,False,in_game_validation_missing|input_selector_graph_unverified|time_cycle_unverified
1197,伝染する怒り,Contagious Fury,player_linked_candidate,9,,,6,2,False,in_game_validation_missing|input_selector_graph_unverified|missing_parameter_dependency|reference_sheet_version_bridge_unverified|time_cycle_unverified
1198,オルドビスの渦,Ordovis's Vortex,player_linked_candidate,15,,,4,0,False,in_game_validation_missing|input_selector_graph_unverified|time_cycle_unverified
1199,回れ回れ,Spinning Weapon,player_linked_candidate,20,,,8,0,False,in_game_validation_missing|input_selector_graph_unverified|source_has_no_weapon_users|time_cycle_unverified|window_without_generated_attack_refs
1200,,Muleta,player_linked_candidate,,10,13,12,1,False,in_game_validation_missing|input_selector_graph_unverified|missing_parameter_dependency|time_cycle_unverified
1201,,Causality's Wrath,player_linked_candidate,24,,,6,4,False,in_game_validation_missing|input_selector_graph_unverified|missing_parameter_dependency|time_cycle_unverified
2000,落葉旋風脚,Dryleaf Whirlwind,player_linked_candidate,9,,,2,0,False,in_game_validation_missing|input_selector_graph_unverified|reference_sheet_version_bridge_unverified|time_cycle_unverified
2001,坩堝の諸相・翼,Aspects of the Crucible: Wings,player_linked_candidate,22,,,4,0,False,in_game_validation_missing|input_selector_graph_unverified|reference_sheet_version_bridge_unverified|time_cycle_unverified
4000,重力回転突き,Spinning Gravity Thrust,player_linked_candidate,26,,12,4,0,False,in_game_validation_missing|input_selector_graph_unverified|reference_sheet_version_bridge_unverified|time_cycle_unverified
4010,発勁,Palm Blast,player_linked_candidate,14,,,12,0,False,in_game_validation_missing|input_selector_graph_unverified|reference_sheet_version_bridge_unverified|source_has_no_weapon_users|time_cycle_unverified|window_without_generated_attack_refs
4020,貫通投擲,Piercing Throw,player_linked_candidate,8,,,2,1,False,in_game_validation_missing|input_selector_graph_unverified|missing_parameter_dependency|reference_sheet_version_bridge_unverified|time_cycle_unverified|window_without_generated_attack_refs
4030,散弾投擲,Scattershot Throw,player_linked_candidate,11,,11,8,0,False,in_game_validation_missing|input_selector_graph_unverified|reference_sheet_version_bridge_unverified|source_has_no_weapon_users|time_cycle_unverified|window_without_generated_attack_refs
4040,囲む火花の香り,Wall of Sparks,player_linked_candidate,16,,,4,4,False,in_game_validation_missing|input_selector_graph_unverified|missing_parameter_dependency|reference_sheet_version_bridge_unverified|time_cycle_unverified|unresolved_generated_behavior_connection
4050,連なる火花の香り,Rolling Sparks,player_linked_candidate,14,,,2,4,False,in_game_validation_missing|input_selector_graph_unverified|missing_parameter_dependency|reference_sheet_version_bridge_unverified|time_cycle_unverified|unresolved_generated_behavior_connection
4060,獣の急襲,Raging Beast,player_linked_candidate,7,,7,12,0,False,in_game_validation_missing|input_selector_graph_unverified|reference_sheet_version_bridge_unverified|time_cycle_unverified
4070,獣爪撃,Savage Claws,player_linked_candidate,13,,,2,0,False,in_game_validation_missing|input_selector_graph_unverified|reference_sheet_version_bridge_unverified|time_cycle_unverified
4080,赤熊の狩り,Red Bear Hunt,player_linked_candidate,8,,8,6,0,False,in_game_validation_missing|input_selector_graph_unverified|reference_sheet_version_bridge_unverified|time_cycle_unverified
4090,死角の一撃,Blind Spot,player_linked_candidate,9,,,9,0,False,in_game_validation_missing|input_selector_graph_unverified|reference_sheet_version_bridge_unverified|time_cycle_unverified
4100,速斬,Swift Slash,player_linked_candidate,16,,,4,0,False,in_game_validation_missing|input_selector_graph_unverified|time_cycle_unverified
4110,大上段,Overhead Stance,player_linked_candidate,,8,10,8,1,False,in_game_validation_missing|input_selector_graph_unverified|missing_parameter_dependency|reference_sheet_version_bridge_unverified|time_cycle_unverified
4120,片翼の構え,Wing Stance,player_linked_candidate,,8,10,8,1,False,in_game_validation_missing|input_selector_graph_unverified|missing_parameter_dependency|time_cycle_unverified
4130,瞬雷,Blinkbolt,player_linked_candidate,8,,,2,0,False,in_game_validation_missing|input_selector_graph_unverified|reference_sheet_version_bridge_unverified|time_cycle_unverified
4140,火の串刺し,Flame Skewer,player_linked_candidate,18,,8,8,0,False,in_game_validation_missing|input_selector_graph_unverified|named_effect_activation_not_verified|reference_sheet_version_bridge_unverified|time_cycle_unverified
4150,猛獅子斬り,Savage Lion's Claw,player_linked_candidate,20,,10,4,0,False,in_game_validation_missing|input_selector_graph_unverified|reference_sheet_version_bridge_unverified|time_cycle_unverified
4160,神獣霜踏み,Divine Beast Frost Stomp,player_linked_candidate,18,,,4,0,False,in_game_validation_missing|input_selector_graph_unverified|reference_sheet_version_bridge_unverified|time_cycle_unverified
4170,火の槍,Flame Spear,player_linked_candidate,19,,,12,0,False,in_game_validation_missing|input_selector_graph_unverified|named_effect_activation_not_verified|reference_sheet_version_bridge_unverified|time_cycle_unverified
4180,ロイヤル・カーリア,Carian Sovereignty,player_linked_candidate,30,,12,8,0,False,in_game_validation_missing|input_selector_graph_unverified|reference_sheet_version_bridge_unverified|time_cycle_unverified
4190,悲痛の叫び,Shriek of Sorrow,player_linked_candidate,19,,,2,0,False,in_game_validation_missing|input_selector_graph_unverified|named_effect_activation_not_verified|reference_sheet_version_bridge_unverified|time_cycle_unverified
4210,エーゴンの竜狩り,Igon's Drake Hunt,player_linked_candidate,0,13,13,5,0,False,in_game_validation_missing|input_selector_graph_unverified|reference_sheet_version_bridge_unverified|time_cycle_unverified
4220,霊炎呼び,Ghostflame Call,player_linked_candidate,15,10,10,6,1,False,in_game_validation_missing|input_selector_graph_unverified|missing_parameter_dependency|named_effect_activation_not_verified|reference_sheet_version_bridge_unverified|speed_gradient_requires_integration|time_cycle_unverified|unresolved_generated_behavior_connection
4990,,Kick,player_linked_candidate,0,,,2,0,False,in_game_validation_missing|input_selector_graph_unverified|speed_gradient_requires_integration|time_cycle_unverified
5000,竜傷斬り,Dragonwound Slash,player_linked_candidate,18,,,4,0,False,in_game_validation_missing|input_selector_graph_unverified|reference_sheet_version_bridge_unverified|time_cycle_unverified
5010,針の貫き,Needle Piercer,player_linked_candidate,19,,,2,16,False,in_game_validation_missing|input_selector_graph_unverified|missing_parameter_dependency|reference_sheet_version_bridge_unverified|time_cycle_unverified
5020,光,Light,player_linked_candidate,30,,,2,0,False,in_game_validation_missing|input_selector_graph_unverified|speed_gradient_requires_integration|time_cycle_unverified
5030,闇,Darkness,player_linked_candidate,30,,,2,0,False,in_game_validation_missing|input_selector_graph_unverified|speed_gradient_requires_integration|time_cycle_unverified
5040,オンジの連星,Onze's Line of Stars,player_linked_candidate,10,,8,6,0,False,in_game_validation_missing|input_selector_graph_unverified|reference_sheet_version_bridge_unverified|time_cycle_unverified
5050,毒花は二度刺す,The Poison Flower Blooms Twice,player_linked_candidate,14,,,2,0,False,in_game_validation_missing|input_selector_graph_unverified|named_effect_activation_not_verified|reference_sheet_version_bridge_unverified|time_cycle_unverified
5080,回転ギロチン,Spinning Guillotine,player_linked_candidate,12,,7,6,0,False,in_game_validation_missing|input_selector_graph_unverified|reference_sheet_version_bridge_unverified|time_cycle_unverified
5090,終わりなき舞い,Unending Dance,player_linked_candidate,2,,,8,0,False,in_game_validation_missing|input_selector_graph_unverified|reference_sheet_version_bridge_unverified|time_cycle_unverified
5100,復讐の刃,Revenger's Blade,player_linked_candidate,15,,10,6,0,False,in_game_validation_missing|input_selector_graph_unverified|reference_sheet_version_bridge_unverified|time_cycle_unverified
5110,永眠の霧,Mists of Eternal Sleep,player_linked_candidate,23,,,2,0,False,in_game_validation_missing|input_selector_graph_unverified|reference_sheet_version_bridge_unverified|speed_gradient_requires_integration|time_cycle_unverified
5120,王朝鎌技,Dynastic Sickleplay,player_linked_candidate,7,,9,13,0,False,in_game_validation_missing|input_selector_graph_unverified|reference_sheet_version_bridge_unverified|time_cycle_unverified
5130,瞬雷・双斧,Blinkbolt: Twinaxe,player_linked_candidate,8,,10,4,0,False,in_game_validation_missing|input_selector_graph_unverified|reference_sheet_version_bridge_unverified|time_cycle_unverified
5140,瞬雷・長柄斧,Blinkbolt: Long-hafted Axe,player_linked_candidate,8,,13,4,0,False,in_game_validation_missing|input_selector_graph_unverified|reference_sheet_version_bridge_unverified|time_cycle_unverified
5150,約束の王,Promised Consort,player_linked_candidate,20,,10,6,0,False,in_game_validation_missing|input_selector_graph_unverified|reference_sheet_version_bridge_unverified|time_cycle_unverified
5160,影輪頭突き,Shadow Sunflower Headbutt,player_linked_candidate,16,,8,6,0,False,in_game_validation_missing|input_selector_graph_unverified|time_cycle_unverified
5170,月と火の構え,Moon-and-Fire Stance,player_linked_candidate,0,10,25,16,1,False,in_game_validation_missing|input_selector_graph_unverified|missing_parameter_dependency|reference_sheet_version_bridge_unverified|time_cycle_unverified
5180,デボニアの渦,Devonia's Vortex,player_linked_candidate,16,,,4,0,False,in_game_validation_missing|input_selector_graph_unverified|time_cycle_unverified
5190,メスメルの強襲,Messmer's Assault,player_linked_candidate,15,,9,6,0,False,in_game_validation_missing|input_selector_graph_unverified|reference_sheet_version_bridge_unverified|time_cycle_unverified|window_without_generated_attack_refs
5210,永遠に眠れ,Sleep Evermore,player_linked_candidate,16,,,6,0,False,in_game_validation_missing|input_selector_graph_unverified|reference_sheet_version_bridge_unverified|speed_gradient_requires_integration|time_cycle_unverified
5220,黄金の磔,Golden Crux,player_linked_candidate,21,,10,7,0,False,in_game_validation_missing|input_selector_graph_unverified|time_cycle_unverified
5230,ムーアの突撃,Moore's Charge,player_linked_candidate,16,,,12,0,False,in_game_validation_missing|input_selector_graph_unverified|speed_gradient_requires_integration|time_cycle_unverified
5240,白光の突撃,White Light Charge,player_linked_candidate,10,,25,4,0,False,in_game_validation_missing|input_selector_graph_unverified|time_cycle_unverified
5250,怨霊斬り,Rancor Slash,player_linked_candidate,12,,12,8,4,False,in_game_validation_missing|input_selector_graph_unverified|missing_parameter_dependency|reference_sheet_version_bridge_unverified|time_cycle_unverified
5260,夜闇の斬撃,Witching Hour Slash,player_linked_candidate,21,,,4,0,False,in_game_validation_missing|input_selector_graph_unverified|time_cycle_unverified
5270,エウポリアの渦,Euporia Vortex,player_linked_candidate,28,,,4,0,False,in_game_validation_missing|input_selector_graph_unverified|time_cycle_unverified
5280,鍛冶術の槍,Smithing Art Spears,player_linked_candidate,18,,,2,0,False,in_game_validation_missing|input_selector_graph_unverified|reference_sheet_version_bridge_unverified|time_cycle_unverified
5290,怨霊斬り,Rancor Slash,player_linked_candidate,12,,12,8,4,False,in_game_validation_missing|input_selector_graph_unverified|missing_parameter_dependency|reference_sheet_version_bridge_unverified|time_cycle_unverified
5300,ロミナの祓い,Romina's Purification,player_linked_candidate,24,,,2,0,False,in_game_validation_missing|input_selector_graph_unverified|reference_sheet_version_bridge_unverified|time_cycle_unverified
5310,毒の貫手,Poison Spear-Hand Strike,player_linked_candidate,13,,,2,0,False,in_game_validation_missing|input_selector_graph_unverified|reference_sheet_version_bridge_unverified|time_cycle_unverified
5320,発狂の貫手,Madding Spear-Hand Strike,player_linked_candidate,13,,,2,1,False,in_game_validation_missing|input_selector_graph_unverified|missing_parameter_dependency|time_cycle_unverified
5330,弱き王の狂い火,Feeble Lord's Frenzied Flame,player_linked_candidate,3,,,18,1,False,in_game_validation_missing|input_selector_graph_unverified|missing_parameter_dependency|reference_sheet_version_bridge_unverified|time_cycle_unverified
5340,連弩の連射,Repeating Fire,player_linked_candidate,,26,26,16,0,False,in_game_validation_missing|input_selector_graph_unverified|time_cycle_unverified
5350,災いの舞い,Deadly Dance,player_linked_candidate,15,,8,4,0,False,in_game_validation_missing|input_selector_graph_unverified|reference_sheet_version_bridge_unverified|time_cycle_unverified
5360,扇射ち,Fan Shot,player_linked_candidate,,12,12,6,0,False,in_game_validation_missing|input_selector_graph_unverified|time_cycle_unverified
5370,円盤投擲,Discus Hurl,player_linked_candidate,3,,,6,0,False,in_game_validation_missing|input_selector_graph_unverified|reference_sheet_version_bridge_unverified|time_cycle_unverified|unresolved_generated_behavior_connection
5380,花の竜雷,Flower Dragonbolt,player_linked_candidate,18,,,4,0,False,in_game_validation_missing|input_selector_graph_unverified|reference_sheet_version_bridge_unverified|time_cycle_unverified
5390,叩頭憤怒,Kowtower's Resentment,player_linked_candidate,31,,,4,0,False,in_game_validation_missing|input_selector_graph_unverified|time_cycle_unverified
5420,痛打,Painful Strike,player_linked_candidate,16,,,2,0,False,in_game_validation_missing|input_selector_graph_unverified|named_effect_activation_not_verified|reference_sheet_version_bridge_unverified|time_cycle_unverified
5430,弧月斬り,Solitary Moon Slash,player_linked_candidate,12,,10,4,0,False,in_game_validation_missing|input_selector_graph_unverified|time_cycle_unverified
5440,夜の返報,Revenge of the Night,player_linked_candidate,5,,,10,0,False,in_game_validation_missing|input_selector_graph_unverified|reference_sheet_version_bridge_unverified|time_cycle_unverified
5450,草刈り,Weed Cutter,player_linked_candidate,8,,8,24,0,False,in_game_validation_missing|input_selector_graph_unverified|reference_sheet_version_bridge_unverified|speed_gradient_requires_integration|time_cycle_unverified
5460,幸せな目隠し,Blindfold of Happiness,player_linked_candidate,10,,,6,0,False,in_game_validation_missing|input_selector_graph_unverified|time_cycle_unverified
5461,%null%,,internal_or_unclassified,10,,,0,0,False,no_named_animation_mapping
5470,イオリの責問,Jori's Inquisition,player_linked_candidate,6,,,4,0,False,in_game_validation_missing|input_selector_graph_unverified|time_cycle_unverified
5480,咆哮バッシュ,Roaring Bash,player_linked_candidate,12,,,6,0,False,in_game_validation_missing|input_selector_graph_unverified|speed_gradient_requires_integration|time_cycle_unverified
5490,猛毒散布,Deadly Poison Spray,player_linked_candidate,21,,,2,0,False,in_game_validation_missing|input_selector_graph_unverified|reference_sheet_version_bridge_unverified|time_cycle_unverified
5500,蛇よ燃えろ,Flare- O Serpent,player_linked_candidate,8,,,2,0,False,in_game_validation_missing|input_selector_graph_unverified|time_cycle_unverified
5510,散弾投擲・爪,Scattershot Throw,player_linked_candidate,11,,11,8,0,False,in_game_validation_missing|input_selector_graph_unverified|reference_sheet_version_bridge_unverified|source_has_no_weapon_users|time_cycle_unverified|window_without_generated_attack_refs
5520,刃研ぎ,Hone Blade,player_linked_candidate,16,,,2,0,False,in_game_validation_missing|input_selector_graph_unverified|time_cycle_unverified
5530,角降ろし,Horn Calling,player_linked_candidate,17,,,2,0,False,in_game_validation_missing|input_selector_graph_unverified|reference_sheet_version_bridge_unverified|speed_gradient_requires_integration|time_cycle_unverified
5540,角降ろし・嵐,Horn Calling: Storm,player_linked_candidate,22,,10,6,0,False,in_game_validation_missing|input_selector_graph_unverified|reference_sheet_version_bridge_unverified|speed_gradient_requires_integration|time_cycle_unverified
5550,巨剣陣,Tremendous Phalanx,player_linked_candidate,16,,6,4,0,False,in_game_validation_missing|input_selector_graph_unverified|reference_sheet_version_bridge_unverified|time_cycle_unverified
5560,血鬼の血授,Bloodfiends' Bloodboon,player_linked_candidate,20,,20,6,0,False,in_game_validation_missing|input_selector_graph_unverified|speed_gradient_requires_integration|time_cycle_unverified|window_without_generated_attack_refs
5570,竜姿の炎,Dragonform Flame,player_linked_candidate,14,,,2,0,False,in_game_validation_missing|input_selector_graph_unverified|time_cycle_unverified
5580,光速斬,Lightspeed Slash,player_linked_candidate,32,,,4,0,False,in_game_validation_missing|input_selector_graph_unverified|time_cycle_unverified
5590,,Impaling Thrust,player_linked_candidate,9,,,24,0,False,in_game_validation_missing|input_selector_graph_unverified|source_has_no_weapon_users|speed_gradient_requires_integration|time_cycle_unverified|window_without_generated_attack_refs
5600,怨霊撃ち,Rancor Shot,player_linked_candidate,0,3,3,6,0,False,in_game_validation_missing|input_selector_graph_unverified|time_cycle_unverified
8000,,Shield Strike,player_linked_candidate,,,,3,0,False,in_game_validation_missing|input_selector_graph_unverified|source_has_no_weapon_users|time_cycle_unverified
9991,,,internal_or_unclassified,0,0,0,0,0,False,no_named_animation_mapping
9992,,,internal_or_unclassified,0,0,0,0,0,False,no_named_animation_mapping
