skill_id,name_ja,name_en,kind,status,weapon_variants,actions,complete_actions,partial_actions,unmodeled_actions,actions_without_hit_data,mapped_fp_actions,missing_dependencies,reasons,version,measured
"100","獅子斬り","Lion's Claw","attack_or_unresolved_candidate","complete_action_candidate","1248","2","2","0","0","0","2","","","1.17","false"
"101","貫通突き","Impaling Thrust","attack_or_unresolved_candidate","complete_action_candidate","990","24","8","0","16","14","8","","action_reference_missing;action_weapon_unverified;input_cost_unmapped","1.17","false"
"102","牙突き","Piercing Fang","attack_or_unresolved_candidate","complete_action_candidate","741","4","2","0","2","0","0","","action_weapon_unverified;input_cost_unmapped","1.17","false"
"103","回転斬り","Spinning Slash","attack_or_unresolved_candidate","complete_action_candidate","1240","24","8","8","8","0","0","","action_weapon_unverified;input_cost_unmapped;special_behavior","1.17","false"
"105","突撃","Charge Forth","attack_or_unresolved_candidate","partial_only","419","8","0","4","4","0","0","","action_weapon_unverified;input_cost_unmapped;special_behavior","1.17","false"
"106","踏み込み（斬り上げ）","Stamp (Upward Cut)","attack_or_unresolved_candidate","complete_action_candidate","949","4","2","0","2","2","0","","action_reference_missing;input_cost_unmapped","1.17","false"
"107","踏み込み（回転薙ぎ）","Stamp (Sweep)","attack_or_unresolved_candidate","partial_only","949","12","0","4","8","6","0","","action_reference_missing;action_weapon_unverified;input_cost_unmapped;special_behavior","1.17","false"
"108","血の徴収","Blood Tax","attack_or_unresolved_candidate","partial_only","463","8","0","6","2","0","0","","action_weapon_unverified;input_cost_unmapped;special_behavior","1.17","false"
"109","連続突き","Repeating Thrust","attack_or_unresolved_candidate","partial_only","859","8","0","6","2","0","0","","action_weapon_unverified;input_cost_unmapped;special_behavior","1.17","false"
"110","乱撃","Wild Strikes","attack_or_unresolved_candidate","complete_action_candidate","911","18","5","12","1","1","0","","action_reference_missing;input_cost_unmapped;special_behavior","1.17","false"
"111","回転撃","Spinning Strikes","attack_or_unresolved_candidate","complete_action_candidate","312","18","2","14","2","1","0","effect:100330","action_reference_missing;input_cost_unmapped;missing_dependency;projectile_formula;special_behavior","1.17","false"
"112","二連斬り","Double Slash","attack_or_unresolved_candidate","complete_action_candidate","820","18","18","0","0","0","0","","input_cost_unmapped","1.17","false"
"113","司教の突進","Prelate's Charge","attack_or_unresolved_candidate","partial_only","163","6","0","2","4","0","0","","independent_scaling;input_cost_unmapped;missing_attack;projectile_formula;special_behavior","1.17","false"
"114","居合","Unsheathe","attack_or_unresolved_candidate","complete_action_candidate","26","8","4","0","4","4","4","effect:20382202","action_reference_missing;input_cost_unmapped;missing_dependency","1.17","false"
"115","構え","Square Off","attack_or_unresolved_candidate","complete_action_candidate","105","8","4","0","4","4","4","effect:20382202","action_reference_missing;input_cost_unmapped;missing_dependency","1.17","false"
"116","巨人狩り","Giant Hunt","attack_or_unresolved_candidate","complete_action_candidate","598","4","2","0","2","0","0","","action_weapon_unverified;input_cost_unmapped","1.17","false"
"117","松明攻撃","Torch Attack","attack_or_unresolved_candidate","unmodeled","4","4","0","0","4","0","0","","both_hand_bonus;input_cost_unmapped","1.17","false"
"118","ローレッタの斬撃","Loretta's Slash","attack_or_unresolved_candidate","partial_only","180","6","0","1","5","0","0","","action_weapon_unverified;both_hand_bonus;independent_scaling;input_cost_unmapped;special_behavior","1.17","false"
"119","毒蛾は二度舞う","Poison Moth Flight","attack_or_unresolved_candidate","complete_action_candidate","252","4","2","0","2","0","0","","action_weapon_unverified;input_cost_unmapped","1.17","false"
"120","回れ回れ","Spinning Weapon","attack_or_unresolved_candidate","partial_only","529","8","0","2","6","2","0","","action_reference_missing;action_weapon_unverified;input_cost_unmapped;special_behavior","1.17","false"
"122","嵐の襲撃","Storm Assault","attack_or_unresolved_candidate","partial_only","403","8","0","3","5","0","0","","action_weapon_unverified;both_hand_bonus;input_cost_unmapped;projectile_formula;special_behavior","1.17","false"
"123","嵐呼び","Stormcaller","attack_or_unresolved_candidate","partial_only","1430","18","0","18","0","0","0","","input_cost_unmapped;projectile_formula;special_behavior","1.17","false"
"124","剣舞","Sword Dance","attack_or_unresolved_candidate","complete_action_candidate","1088","20","8","8","4","0","0","","action_weapon_unverified;input_cost_unmapped;special_behavior","1.17","false"
"125","鎖回し","Spinning Chain","attack_or_unresolved_candidate","unmodeled","39","18","0","0","18","8","0","effect:100330","action_reference_missing;action_weapon_unverified;input_cost_unmapped;missing_dependency","1.17","false"
"200","輝剣の円陣","Glintblade Phalanx","attack_or_unresolved_candidate","complete_action_candidate","498","8","2","0","6","2","0","","action_reference_missing;action_weapon_unverified;ambiguous_components;input_cost_unmapped","1.17","false"
"201","聖なる刃","Sacred Blade","attack_or_unresolved_candidate","complete_action_candidate","836","2","1","1","0","0","0","","input_cost_unmapped;projectile_formula","1.17","false"
"202","氷槍","Ice Spear","attack_or_unresolved_candidate","complete_action_candidate","168","4","2","2","0","0","0","","input_cost_unmapped;projectile_formula","1.17","false"
"203","輝石のつぶて","Glintstone Pebble","attack_or_unresolved_candidate","complete_action_candidate","499","8","2","0","6","0","0","","action_weapon_unverified;independent_scaling;input_cost_unmapped;projectile_formula","1.17","false"
"204","血の斬撃","Bloody Slash","attack_or_unresolved_candidate","complete_action_candidate","420","6","3","0","3","0","0","","independent_scaling;input_cost_unmapped","1.17","false"
"205","命奪拳","Lifesteal Fist","attack_or_unresolved_candidate","complete_action_candidate","78","3","1","0","2","0","0","","independent_scaling;input_cost_unmapped","1.17","false"
"207","溶岩噴火","Eruption","attack_or_unresolved_candidate","partial_only","300","2","0","1","1","0","0","","ambiguous_components;independent_scaling;input_cost_unmapped;special_behavior","1.17","false"
"208","祈りの一撃","Prayerful Strike","attack_or_unresolved_candidate","complete_action_candidate","294","4","2","2","0","0","0","","both_hand_bonus;input_cost_unmapped","1.17","false"
"209","グラビタス","Gravitas","attack_or_unresolved_candidate","complete_action_candidate","781","6","1","1","4","0","0","","action_weapon_unverified;input_cost_unmapped;projectile_formula","1.17","false"
"210","嵐の刃","Storm Blade","attack_or_unresolved_candidate","complete_action_candidate","715","6","3","3","0","0","0","","input_cost_unmapped;projectile_formula","1.17","false"
"212","地揺らし","Earthshaker","attack_or_unresolved_candidate","complete_action_candidate","416","4","2","2","0","0","0","","independent_scaling;input_cost_unmapped;special_behavior","1.17","false"
"213","黄金の地","Golden Land","attack_or_unresolved_candidate","complete_action_candidate","193","4","2","2","0","0","0","","ambiguous_components;input_cost_unmapped;special_behavior","1.17","false"
"214","炎撃","Flaming Strike","attack_or_unresolved_candidate","complete_action_candidate","834","8","2","0","6","0","0","","action_weapon_unverified;ambiguous_components;independent_scaling;input_cost_unmapped;projectile_formula","1.17","false"
"216","落雷","Thunderbolt","attack_or_unresolved_candidate","complete_action_candidate","924","12","4","0","8","0","0","","action_weapon_unverified;ambiguous_components;input_cost_unmapped","1.17","false"
"217","雷撃斬","Lightning Slash","attack_or_unresolved_candidate","complete_action_candidate","684","4","2","2","0","0","0","","ambiguous_components;independent_scaling;input_cost_unmapped","1.17","false"
"218","グレート・カーリア","Carian Grandeur","attack_or_unresolved_candidate","complete_action_candidate","361","6","2","1","3","0","0","","independent_scaling;input_cost_unmapped","1.17","false"
"219","カーリアの大剣","Carian Greatsword","attack_or_unresolved_candidate","complete_action_candidate","360","4","2","0","2","0","0","","independent_scaling;input_cost_unmapped","1.17","false"
"220","真空斬り","Vacuum Slice","attack_or_unresolved_candidate","complete_action_candidate","1092","2","1","1","0","0","0","","input_cost_unmapped;projectile_formula","1.17","false"
"221","黒炎の渦","Black Flame Tornado","attack_or_unresolved_candidate","complete_action_candidate","187","4","1","1","2","0","0","effect:838","input_cost_unmapped;missing_dependency;projectile_formula;special_behavior","1.17","false"
"222","聖なる光輪","Sacred Ring of Light","attack_or_unresolved_candidate","complete_action_candidate","144","6","3","3","0","0","0","","ambiguous_components;input_cost_unmapped","1.17","false"
"223","火吹き","Firebreather","attack_or_unresolved_candidate","unmodeled","1","6","0","0","6","0","0","","ambiguous_components;input_cost_unmapped;non_damage","1.17","false"
"224","血の刃","Blood Blade","attack_or_unresolved_candidate","complete_action_candidate","287","12","3","3","6","0","0","","action_weapon_unverified;input_cost_unmapped;projectile_formula","1.17","false"
"225","共撃の幻","Phantom Slash","attack_or_unresolved_candidate","complete_action_candidate","377","4","2","2","0","0","0","","ambiguous_components;input_cost_unmapped","1.17","false"
"226","幻影の槍","Spectral Lance","attack_or_unresolved_candidate","unmodeled","161","2","0","0","2","1","0","","action_reference_missing;input_cost_unmapped;projectile_formula","1.17","false"
"227","冷気の霧","Chilling Mist","attack_or_unresolved_candidate","complete_action_candidate","852","2","1","1","0","0","0","","ambiguous_components;input_cost_unmapped","1.17","false"
"228","毒の霧","Poisonous Mist","attack_or_unresolved_candidate","complete_action_candidate","994","2","1","1","0","0","0","","ambiguous_components;input_cost_unmapped","1.17","false"
"300","シールドバッシュ","Shield Bash","attack_or_unresolved_candidate","complete_action_candidate","823","20","18","0","2","0","0","effect:102370","action_weapon_unverified;input_cost_unmapped","1.17","false"
"301","鉄壁の盾","Barricade Shield","support_candidate","unmodeled","819","36","0","0","36","36","0","","action_weapon_unverified;input_cost_unmapped;support_action","1.17","false"
"302","パリィ","Parry","attack_or_unresolved_candidate","unmodeled","1066","12","0","0","12","0","0","","both_hand_bonus;input_cost_unmapped;non_damage","1.17","false"
"303","バックラーパリィ","Buckler Parry","attack_or_unresolved_candidate","unmodeled","13","5","0","0","5","0","0","","action_weapon_unverified;input_cost_unmapped","1.17","false"
"305","カーリアの返報","Carian Retaliation","attack_or_unresolved_candidate","unmodeled","270","6","0","0","6","0","0","","ambiguous_components;both_hand_bonus;input_cost_unmapped","1.17","false"
"306","嵐の壁","Storm Wall","attack_or_unresolved_candidate","unmodeled","585","6","0","0","6","0","0","","both_hand_bonus;input_cost_unmapped;projectile_formula","1.17","false"
"307","黄金パリィ","Golden Parry","attack_or_unresolved_candidate","unmodeled","270","6","0","0","6","0","0","","both_hand_bonus;input_cost_unmapped","1.17","false"
"308","突撃バッシュ","Shield Crash","attack_or_unresolved_candidate","complete_action_candidate","819","40","18","18","4","0","0","","action_weapon_unverified;input_cost_unmapped;special_behavior","1.17","false"
"309","トープスの力場","Thops's Barrier","attack_or_unresolved_candidate","unmodeled","270","6","0","0","6","0","0","","both_hand_bonus;input_cost_unmapped;projectile_formula","1.17","false"
"400","貫通射撃","Through and Through","attack_or_unresolved_candidate","unmodeled","4","5","0","0","5","3","0","","action_reference_missing;input_cost_unmapped;projectile_formula","1.17","false"
"401","連続射撃","Barrage","attack_or_unresolved_candidate","unmodeled","6","6","0","0","6","4","0","","action_reference_missing;input_cost_unmapped;projectile_formula","1.17","false"
"402","強射","Mighty Shot","attack_or_unresolved_candidate","unmodeled","10","6","0","0","6","4","0","","action_reference_missing;input_cost_unmapped;projectile_formula","1.17","false"
"404","宿し撃ち","Enchanted Shot","attack_or_unresolved_candidate","unmodeled","7","6","0","0","6","4","0","","action_reference_missing;input_cost_unmapped;projectile_formula","1.17","false"
"405","空撃ち","Sky Shot","attack_or_unresolved_candidate","unmodeled","7","7","0","0","7","3","0","","action_reference_missing;action_weapon_unverified;input_cost_unmapped;projectile_formula","1.17","false"
"406","アローレイン","Rain of Arrows","attack_or_unresolved_candidate","unmodeled","9","7","0","0","7","3","0","","action_reference_missing;ambiguous_components;input_cost_unmapped;projectile_formula","1.17","false"
"501","霜踏み","Hoarfrost Stomp","attack_or_unresolved_candidate","unmodeled","925","2","0","0","2","1","0","","action_reference_missing;ambiguous_components;input_cost_unmapped","1.17","false"
"502","嵐脚","Storm Stomp","attack_or_unresolved_candidate","unmodeled","2002","2","0","0","2","1","0","","action_reference_missing;input_cost_unmapped;projectile_formula","1.17","false"
"503","キック","Kick","attack_or_unresolved_candidate","unmodeled","2007","2","0","0","2","2","0","effect:102370","attack_reference_missing;input_cost_unmapped","1.17","false"
"504","雷の羊","Lightning Ram","attack_or_unresolved_candidate","unmodeled","924","4","0","0","4","0","0","","independent_scaling;input_cost_unmapped","1.17","false"
"505","赤獅子の炎","Flame of the Redmanes","attack_or_unresolved_candidate","unmodeled","924","4","0","0","4","2","0","","action_reference_missing;action_weapon_unverified;ambiguous_components;input_cost_unmapped","1.17","false"
"506","ヒップドロップ","Ground Slam","attack_or_unresolved_candidate","unmodeled","2002","6","0","0","6","4","0","","action_reference_missing;independent_scaling;input_cost_unmapped","1.17","false"
"507","黄金の尻撃","Golden Slam","attack_or_unresolved_candidate","unmodeled","924","6","0","0","6","4","0","","action_reference_missing;independent_scaling;input_cost_unmapped","1.17","false"
"508","暗黒波","Waves of Darkness","attack_or_unresolved_candidate","complete_action_candidate","192","4","2","2","0","0","0","","ambiguous_components;independent_scaling;input_cost_unmapped;special_behavior","1.17","false"
"509","ホーラ・ルーの地揺らし","Hoarah Loux's Earthshaker","attack_or_unresolved_candidate","unmodeled","2188","4","0","0","4","0","0","","independent_scaling;input_cost_unmapped","1.17","false"
"600","デターミネーション","Determination","support_candidate","unmodeled","2002","2","0","0","2","2","0","","input_cost_unmapped;support_action","1.17","false"
"601","王騎士の決意","Royal Knight's Resolve","support_candidate","unmodeled","2067","2","0","0","2","2","0","","input_cost_unmapped;support_action","1.17","false"
"602","暗殺の作法","Assassin's Gambit","support_candidate","unmodeled","210","4","0","0","4","4","0","","action_weapon_unverified;input_cost_unmapped;support_action","1.17","false"
"603","黄金樹に誓って","Golden Vow","support_candidate","unmodeled","925","2","0","0","2","1","0","","input_cost_unmapped;projectile_formula;support_action","1.17","false"
"604","聖律","Sacred Order","support_candidate","unmodeled","925","6","0","0","6","6","0","","action_weapon_unverified;input_cost_unmapped;support_action","1.17","false"
"605","聖律共有","Shared Order","support_candidate","unmodeled","924","6","0","0","6","3","0","","action_weapon_unverified;input_cost_unmapped;non_damage;support_action","1.17","false"
"606","切腹","Seppuku","support_candidate","unmodeled","518","2","0","0","2","2","0","","input_cost_unmapped;support_action","1.17","false"
"607","岩石剣","Cragblade","attack_or_unresolved_candidate","complete_action_candidate","1950","8","2","0","6","0","0","","action_weapon_unverified;input_cost_unmapped","1.17","false"
"650","野蛮な咆哮","Barbaric Roar","support_candidate","unmodeled","1716","2","0","0","2","0","0","","independent_scaling;input_cost_unmapped;non_damage","1.17","false"
"651","ウォークライ","War Cry","support_candidate","unmodeled","1808","2","0","0","2","0","0","","independent_scaling;input_cost_unmapped;non_damage","1.17","false"
"652","獣の咆哮","Beast's Roar","attack_or_unresolved_candidate","unmodeled","2002","4","0","0","4","0","0","","action_weapon_unverified;ambiguous_components;independent_scaling;input_cost_unmapped","1.17","false"
"653","トロルの咆哮","Troll's Roar","attack_or_unresolved_candidate","complete_action_candidate","652","6","4","0","2","0","0","","independent_scaling;input_cost_unmapped","1.17","false"
"654","誇示する咆哮","Braggart's Roar","support_candidate","unmodeled","1716","2","0","0","2","0","0","effect:1684","independent_scaling;input_cost_unmapped;non_damage","1.17","false"
"700","我慢","Endure","support_candidate","unmodeled","2003","8","0","0","8","0","0","","action_weapon_unverified;input_cost_unmapped;missing_attack","1.17","false"
"701","無敵","Vow of the Indomitable","support_candidate","unmodeled","378","8","0","0","8","8","0","","action_weapon_unverified;input_cost_unmapped;support_action","1.17","false"
"702","聖域","Holy Ground","attack_or_unresolved_candidate","complete_action_candidate","378","8","2","0","6","2","0","","action_reference_missing;action_weapon_unverified;ambiguous_components;input_cost_unmapped","1.17","false"
"800","クイックステップ","Quickstep","support_candidate","unmodeled","2018","32","0","0","32","32","0","","action_weapon_unverified;input_cost_unmapped;support_action","1.17","false"
"801","猟犬のステップ","Bloodhound's Step","support_candidate","unmodeled","2002","32","0","0","32","32","0","","action_weapon_unverified;input_cost_unmapped;support_action","1.17","false"
"802","霧の猛禽","Raptor of the Mists","support_candidate","unmodeled","2002","4","0","0","4","4","0","","input_cost_unmapped;support_action","1.17","false"
"850","白い影の誘い","White Shadow's Lure","attack_or_unresolved_candidate","unmodeled","1078","2","0","0","2","1","0","","action_reference_missing;ambiguous_components;input_cost_unmapped","1.17","false"
"1000","噴き上がる信仰","Surge of Faith","attack_or_unresolved_candidate","complete_action_candidate","1","4","1","0","3","0","0","","ambiguous_components;input_cost_unmapped;projectile_formula;special_behavior","1.17","false"
"1001","炎の唾","Flame Spit","attack_or_unresolved_candidate","unmodeled","1","12","0","0","12","9","0","correct:1005","action_reference_missing;input_cost_unmapped;missing_dependency","1.17","false"
"1002","火炎舌","Tongues of Fire","attack_or_unresolved_candidate","unmodeled","1","12","0","0","12","9","0","","action_reference_missing;input_cost_unmapped;projectile_formula","1.17","false"
"1003","神託のシャボン","Oracular Bubble","attack_or_unresolved_candidate","unmodeled","1","6","0","0","6","3","0","","action_reference_missing;ambiguous_components;input_cost_unmapped","1.17","false"
"1004","降り注ぐシャボン","Bubble Shower","attack_or_unresolved_candidate","unmodeled","1","2","0","0","2","1","0","","action_reference_missing;ambiguous_components;input_cost_unmapped","1.17","false"
"1005","神託の大シャボン","Great Oracular Bubble","attack_or_unresolved_candidate","unmodeled","1","2","0","0","2","1","0","","action_reference_missing;ambiguous_components;input_cost_unmapped","1.17","false"
"1006","溶岩の海","Sea of Magma","attack_or_unresolved_candidate","complete_action_candidate","1","6","1","5","0","0","0","","ambiguous_components;input_cost_unmapped;special_behavior","1.17","false"
"1007","毒蛇の噛みつき","Viper Bite","attack_or_unresolved_candidate","complete_action_candidate","1","6","6","0","0","0","0","","input_cost_unmapped","1.17","false"
"1008","月光剣","Moonlight Greatsword","support_candidate","unmodeled","1","2","0","0","2","2","0","","input_cost_unmapped;support_action","1.17","false"
"1009","シルリアの渦","Siluria's Woe","attack_or_unresolved_candidate","complete_action_candidate","1","4","2","1","1","0","0","","ambiguous_components;input_cost_unmapped;projectile_formula;special_behavior","1.17","false"
"1010","軍旗の下に","Rallying Standard","support_candidate","unmodeled","1","2","0","0","2","1","0","","input_cost_unmapped;projectile_formula;support_action","1.17","false"
"1011","ご照覧あれい！","Bear Witness!","attack_or_unresolved_candidate","complete_action_candidate","1","4","2","0","2","0","0","","ambiguous_components;input_cost_unmapped;projectile_formula","1.17","false"
"1012","エオヒドの剣舞","Eochaid's Dancing Blade","attack_or_unresolved_candidate","partial_only","1","4","0","2","2","2","0","","action_reference_missing;input_cost_unmapped;special_behavior","1.17","false"
"1013","霊障招き","Soul Stifler","attack_or_unresolved_candidate","unmodeled","1","4","0","0","4","2","0","","action_reference_missing;input_cost_unmapped;projectile_formula","1.17","false"
"1014","略奪の炎","Taker's Flames","attack_or_unresolved_candidate","complete_action_candidate","1","6","1","1","4","4","0","","action_reference_missing;ambiguous_components;input_cost_unmapped;missing_binding","1.17","false"
"1015","ミエロスの絶叫","Shriek of Milos","attack_or_unresolved_candidate","unmodeled","1","2","0","0","2","0","0","","independent_scaling;input_cost_unmapped;non_damage;projectile_formula","1.17","false"
"1016","レドゥビアの血刃","Reduvia Blood Blade","attack_or_unresolved_candidate","complete_action_candidate","1","6","3","3","0","0","0","","input_cost_unmapped;projectile_formula","1.17","false"
"1017","輝石の彗礫","Glintstone Dart","attack_or_unresolved_candidate","complete_action_candidate","1","6","2","2","2","0","0","","both_hand_bonus;input_cost_unmapped;projectile_formula","1.17","false"
"1018","流体化","Flowing Form","attack_or_unresolved_candidate","complete_action_candidate","1","4","2","0","2","0","0","","action_weapon_unverified;input_cost_unmapped","1.17","false"
"1019","夜と炎の構え","Night-and-Flame Stance","attack_or_unresolved_candidate","complete_action_candidate","1","8","2","2","4","4","0","effect:20382202","action_reference_missing;input_cost_unmapped;missing_dependency;non_damage;projectile_formula","1.17","false"
"1020","黄金波","Wave of Gold","attack_or_unresolved_candidate","complete_action_candidate","1","2","1","0","1","0","0","","ambiguous_components;input_cost_unmapped","1.17","false"
"1021","滅びの霊炎","Ruinous Ghostflame","attack_or_unresolved_candidate","complete_action_candidate","1","2","2","0","0","0","0","","input_cost_unmapped","1.17","false"
"1022","黄金律掲揚","Establish Order","attack_or_unresolved_candidate","partial_only","1","4","0","2","2","1","0","","action_reference_missing;ambiguous_components;input_cost_unmapped;projectile_formula;special_behavior","1.17","false"
"1023","眠りの霧","Mists of Slumber","attack_or_unresolved_candidate","complete_action_candidate","1","2","1","1","0","0","0","","input_cost_unmapped;missing_attack","1.17","false"
"1024","槍呼びの儀","Spearcall Ritual","attack_or_unresolved_candidate","unmodeled","1","2","0","0","2","0","0","","ambiguous_components;input_cost_unmapped","1.17","false"
"1025","狼の襲撃","Wolf's Assault","attack_or_unresolved_candidate","unmodeled","1","2","0","0","2","0","0","","independent_scaling;input_cost_unmapped;non_damage;projectile_formula;special_behavior","1.17","false"
"1026","雷雲の姿","Thundercloud Form","attack_or_unresolved_candidate","unmodeled","1","4","0","0","4","2","0","","action_reference_missing;independent_scaling;input_cost_unmapped","1.17","false"
"1027","呪血の斬撃","Cursed-Blood Slice","attack_or_unresolved_candidate","complete_action_candidate","1","4","1","1","2","0","0","","ambiguous_components;independent_scaling;input_cost_unmapped;non_damage","1.17","false"
"1028","水鳥乱舞","Waterfowl Dance","attack_or_unresolved_candidate","partial_only","1","6","0","6","0","0","0","","input_cost_unmapped;special_behavior","1.17","false"
"1029","黄金砕き","Gold Breaker","attack_or_unresolved_candidate","complete_action_candidate","1","4","1","0","3","0","0","","ambiguous_components;input_cost_unmapped;non_damage;projectile_formula;special_behavior","1.17","false"
"1030","地に伏せよ！","I Command Thee- Kneel!","attack_or_unresolved_candidate","complete_action_candidate","1","4","1","3","0","0","0","","ambiguous_components;input_cost_unmapped;projectile_formula;special_behavior","1.17","false"
"1031","王の雄叫び","Regal Roar","attack_or_unresolved_candidate","complete_action_candidate","1","4","1","0","3","2","0","","action_reference_missing;ambiguous_components;input_cost_unmapped;projectile_formula","1.17","false"
"1032","星呼び","Starcaller Cry","attack_or_unresolved_candidate","partial_only","1","15","0","3","12","8","0","","action_reference_missing;both_hand_bonus;independent_scaling;input_cost_unmapped;non_damage;projectile_formula;special_behavior","1.17","false"
"1033","崩壊波","Wave of Destruction","attack_or_unresolved_candidate","complete_action_candidate","1","2","1","0","1","0","0","","ambiguous_components;input_cost_unmapped;special_behavior","1.17","false"
"1034","血授の儀","Bloodboon Ritual","attack_or_unresolved_candidate","complete_action_candidate","1","6","3","0","3","0","0","","ambiguous_components;input_cost_unmapped","1.17","false"
"1035","流体化","Flowing Form","attack_or_unresolved_candidate","partial_only","1","4","0","2","2","0","0","","action_weapon_unverified;input_cost_unmapped;special_behavior","1.17","false"
"1036","死の刃","Blade of Death","attack_or_unresolved_candidate","complete_action_candidate","1","2","1","0","1","0","0","","input_cost_unmapped;projectile_formula","1.17","false"
"1037","黄金の刃","Blade of Gold","attack_or_unresolved_candidate","complete_action_candidate","1","2","1","0","1","0","0","","input_cost_unmapped;projectile_formula","1.17","false"
"1038","運命の死","Destined Death","attack_or_unresolved_candidate","partial_only","1","2","0","1","1","0","0","","ambiguous_components;independent_scaling;input_cost_unmapped;special_behavior","1.17","false"
"1039","車輪回転","Spinning Wheel","attack_or_unresolved_candidate","complete_action_candidate","1","16","5","1","10","10","0","","action_reference_missing;input_cost_unmapped;missing_binding","1.17","false"
"1040","白王の引力波","Alabaster Lords' Pull","attack_or_unresolved_candidate","complete_action_candidate","1","2","1","0","1","0","0","","input_cost_unmapped;projectile_formula;special_behavior","1.17","false"
"1041","黒王の斥力波","Onyx Lords' Repulsion","attack_or_unresolved_candidate","complete_action_candidate","1","2","1","0","1","0","0","","input_cost_unmapped;projectile_formula;special_behavior","1.17","false"
"1042","復讐の誓い","Oath of Vengeance","support_candidate","unmodeled","1","2","0","0","2","0","0","","input_cost_unmapped;missing_attack","1.17","false"
"1043","氷雷剣","Ice Lightning Sword","attack_or_unresolved_candidate","complete_action_candidate","1","2","1","0","1","0","0","","ambiguous_components;independent_scaling;input_cost_unmapped;special_behavior","1.17","false"
"1044","獣王の爪","Regal Beastclaw","attack_or_unresolved_candidate","partial_only","1","2","0","1","1","0","0","","ambiguous_components;both_hand_bonus;input_cost_unmapped;special_behavior","1.17","false"
"1045","炎の舞","Flame Dance","attack_or_unresolved_candidate","partial_only","1","2","0","2","0","0","0","","input_cost_unmapped;special_behavior","1.17","false"
"1046","爪弾き","Claw Flick","attack_or_unresolved_candidate","partial_only","1","2","0","1","1","1","0","","action_reference_missing;input_cost_unmapped;non_damage","1.17","false"
"1047","星雲","Nebula","attack_or_unresolved_candidate","complete_action_candidate","1","4","1","1","2","0","0","","action_weapon_unverified;ambiguous_components;input_cost_unmapped","1.17","false"
"1048","霊炎発火","Ghostflame Ignition","attack_or_unresolved_candidate","complete_action_candidate","1","6","3","1","2","0","0","effect:17655","ambiguous_components;input_cost_unmapped;missing_dependency;non_damage;projectile_formula","1.17","false"
"1049","古雷の槍","Ancient Lightning Spear","attack_or_unresolved_candidate","unmodeled","1","4","0","0","4","2","0","","action_reference_missing;ambiguous_components;input_cost_unmapped","1.17","false"
"1050","狂い火突き","Frenzyflame Thrust","attack_or_unresolved_candidate","partial_only","1","2","0","1","1","0","0","effect:102370","ambiguous_components;input_cost_unmapped;non_damage;special_behavior","1.17","false"
"1051","ミケラの光輪","Miquella's Ring of Light","attack_or_unresolved_candidate","complete_action_candidate","1","6","3","3","0","0","0","","ambiguous_components;input_cost_unmapped","1.17","false"
"1052","黄金の剣技","Golden Tempering","attack_or_unresolved_candidate","partial_only","1","13","0","4","9","9","0","","action_reference_missing;input_cost_unmapped;special_behavior","1.17","false"
"1053","弔いの墓標","Last Rites","support_candidate","unmodeled","1","4","0","0","4","3","0","effect:1839","input_cost_unmapped;missing_dependency;support_action","1.17","false"
"1054","防ぎ得ぬ刃","Unblockable Blade","attack_or_unresolved_candidate","complete_action_candidate","1","4","1","0","3","0","0","","action_weapon_unverified;independent_scaling;input_cost_unmapped","1.17","false"
"1055","エオヒドの剣舞","Eochaid's Dancing Blade","attack_or_unresolved_candidate","partial_only","1","4","0","2","2","2","0","","action_reference_missing;input_cost_unmapped;special_behavior","1.17","false"
"1165","","Loretta's Slash","attack_or_unresolved_candidate","partial_only","1","6","0","1","5","0","0","","action_weapon_unverified;both_hand_bonus;independent_scaling;input_cost_unmapped;special_behavior","1.17","false"
"1166","","Spinning Slash","attack_or_unresolved_candidate","complete_action_candidate","1","24","2","2","20","0","0","","action_weapon_unverified;ambiguous_components;input_cost_unmapped;special_behavior","1.17","false"
"1167","死蝋斬り","Corpse Wax Cutter","attack_or_unresolved_candidate","complete_action_candidate","1","2","1","1","0","0","0","","input_cost_unmapped;projectile_formula","1.17","false"
"1168","ザミェルの氷嵐","Zamor Ice Storm","attack_or_unresolved_candidate","complete_action_candidate","1","2","1","1","0","0","0","","ambiguous_components;input_cost_unmapped","1.17","false"
"1169","ラダーンの驟雨","Radahn's Rain","attack_or_unresolved_candidate","unmodeled","1","5","0","0","5","3","0","","action_reference_missing;ambiguous_components;input_cost_unmapped;projectile_formula","1.17","false"
"1170","女王の黒炎","The Queen's Black Flame","attack_or_unresolved_candidate","complete_action_candidate","1","4","2","2","0","0","0","","independent_scaling;input_cost_unmapped","1.17","false"
"1171","王朝剣技","Dynast's Finesse","attack_or_unresolved_candidate","complete_action_candidate","1","6","4","0","2","0","0","","input_cost_unmapped;non_damage","1.17","false"
"1172","溶岩撒き","Magma Shower","attack_or_unresolved_candidate","complete_action_candidate","1","4","1","3","0","0","0","","ambiguous_components;input_cost_unmapped;special_behavior","1.17","false"
"1173","星雲","Nebula","attack_or_unresolved_candidate","complete_action_candidate","1","4","1","0","3","0","0","","action_weapon_unverified;ambiguous_components;input_cost_unmapped","1.17","false"
"1174","死のフレア","Death Flare","attack_or_unresolved_candidate","complete_action_candidate","1","4","1","0","3","2","0","","action_reference_missing;ambiguous_components;input_cost_unmapped","1.17","false"
"1175","猟犬の剣技","Bloodhound's Finesse","attack_or_unresolved_candidate","complete_action_candidate","1","4","4","0","0","0","0","","input_cost_unmapped","1.17","false"
"1176","溶岩ギロチン","Magma Guillotine","attack_or_unresolved_candidate","complete_action_candidate","1","4","1","3","0","0","0","","ambiguous_components;input_cost_unmapped;missing_binding;special_behavior","1.17","false"
"1177","死屍累々","Corpse Piler","attack_or_unresolved_candidate","complete_action_candidate","1","6","2","4","0","0","0","","input_cost_unmapped;special_behavior","1.17","false"
"1178","束の間の月影","Transient Moonlight","attack_or_unresolved_candidate","complete_action_candidate","1","8","2","0","6","4","4","effect:20382202","action_reference_missing;ambiguous_components;input_cost_unmapped;missing_dependency;special_behavior","1.17","false"
"1179","血刃乱舞","Bloodblade Dance","attack_or_unresolved_candidate","partial_only","1","4","0","4","0","0","0","","input_cost_unmapped;non_damage;special_behavior","1.17","false"
"1182","百智の世界","Knowledge Above All","support_candidate","unmodeled","1","2","0","0","2","1","0","","input_cost_unmapped;projectile_formula;support_action","1.17","false"
"1183","世界喰らい","Devourer of Worlds","attack_or_unresolved_candidate","unmodeled","1","2","0","0","2","0","0","","both_hand_bonus;input_cost_unmapped;projectile_formula","1.17","false"
"1184","家族の怨霊","Familial Rancor","attack_or_unresolved_candidate","unmodeled","1","4","0","0","4","2","0","","action_reference_missing;ambiguous_components;input_cost_unmapped","1.17","false"
"1185","ローゼスの呼び声","Rosus's Summons","attack_or_unresolved_candidate","complete_action_candidate","1","2","1","0","1","0","0","","ambiguous_components;independent_scaling;input_cost_unmapped","1.17","false"
"1186","雷嵐","Thunderstorm","attack_or_unresolved_candidate","complete_action_candidate","1","6","3","0","3","0","0","","independent_scaling;input_cost_unmapped;projectile_formula","1.17","false"
"1187","聖槍の壁","Sacred Phalanx","attack_or_unresolved_candidate","complete_action_candidate","1","2","1","1","0","0","0","","input_cost_unmapped;missing_attack","1.17","false"
"1188","大蛇狩り","Great-Serpent Hunt","attack_or_unresolved_candidate","partial_only","1","4","0","2","2","0","0","","independent_scaling;input_cost_unmapped","1.17","false"
"1189","天使の翼","Angel's Wings","attack_or_unresolved_candidate","partial_only","1","2","0","1","1","0","0","","both_hand_bonus;independent_scaling;input_cost_unmapped;special_behavior","1.17","false"
"1190","嵐蹴撃","Storm Kick","attack_or_unresolved_candidate","complete_action_candidate","1","8","4","2","2","0","0","","independent_scaling;input_cost_unmapped;special_behavior","1.17","false"
"1191","防ぎ得ぬ刃","Unblockable Blade","attack_or_unresolved_candidate","complete_action_candidate","1","4","2","0","2","0","0","","action_weapon_unverified;input_cost_unmapped","1.17","false"
"1192","錫杖の魔術","Sorcery of the Crozier","attack_or_unresolved_candidate","unmodeled","1","2","0","0","2","0","0","","ambiguous_components;both_hand_bonus;input_cost_unmapped","1.17","false"
"1193","黄金樹の尻撃","Erdtree Slam","attack_or_unresolved_candidate","unmodeled","2","6","0","0","6","4","0","","action_reference_missing;independent_scaling;input_cost_unmapped","1.17","false"
"1194","重力雷","Gravity Bolt","attack_or_unresolved_candidate","complete_action_candidate","1","4","2","0","2","0","0","","ambiguous_components;input_cost_unmapped","1.17","false"
"1195","眠りの炎","Fires of Slumber","attack_or_unresolved_candidate","unmodeled","1","6","0","0","6","3","0","","action_reference_missing;ambiguous_components;input_cost_unmapped","1.17","false"
"1196","黄金の返報","Golden Retaliation","attack_or_unresolved_candidate","unmodeled","1","10","0","0","10","5","0","","action_reference_missing;ambiguous_components;input_cost_unmapped","1.17","false"
"1197","伝染する怒り","Contagious Fury","support_candidate","unmodeled","1","6","0","0","6","6","0","effect:1590;effect:1591","input_cost_unmapped;missing_dependency;support_action","1.17","false"
"1198","オルドビスの渦","Ordovis's Vortex","attack_or_unresolved_candidate","complete_action_candidate","1","4","2","0","2","0","0","","ambiguous_components;independent_scaling;input_cost_unmapped;projectile_formula","1.17","false"
"1199","回れ回れ","Spinning Weapon","attack_or_unresolved_candidate","unmodeled","1","8","0","0","8","2","0","","action_reference_missing;action_weapon_unverified;independent_scaling;input_cost_unmapped","1.17","false"
"1200","","Muleta","attack_or_unresolved_candidate","complete_action_candidate","1","12","8","0","4","4","0","effect:20382202","action_reference_missing;input_cost_unmapped;missing_dependency","1.17","false"
"1201","","Causality's Wrath","attack_or_unresolved_candidate","unmodeled","1","6","0","0","6","3","0","bullet:5011;bullet:5120;effect:190011;effect:190050","action_reference_missing;input_cost_unmapped;missing_dependency","1.17","false"
"2000","落葉旋風脚","Dryleaf Whirlwind","attack_or_unresolved_candidate","complete_action_candidate","26","2","2","0","0","0","0","","input_cost_unmapped","1.17","false"
"2001","坩堝の諸相・翼","Aspects of the Crucible: Wings","attack_or_unresolved_candidate","complete_action_candidate","552","4","2","0","2","2","0","","action_reference_missing;input_cost_unmapped","1.17","false"
"4000","重力回転突き","Spinning Gravity Thrust","attack_or_unresolved_candidate","complete_action_candidate","338","4","1","0","3","1","0","","action_reference_missing;independent_scaling;input_cost_unmapped","1.17","false"
"4010","発勁","Palm Blast","attack_or_unresolved_candidate","complete_action_candidate","26","12","2","0","10","0","0","","action_weapon_unverified;ambiguous_components;input_cost_unmapped","1.17","false"
"4020","貫通投擲","Piercing Throw","attack_or_unresolved_candidate","unmodeled","13","2","0","0","2","0","0","bullet:200002051","input_cost_unmapped;missing_dependency;projectile_formula","1.17","false"
"4030","散弾投擲","Scattershot Throw","attack_or_unresolved_candidate","unmodeled","13","8","0","0","8","0","0","","action_weapon_unverified;ambiguous_components;input_cost_unmapped;projectile_formula","1.17","false"
"4040","囲む火花の香り","Wall of Sparks","attack_or_unresolved_candidate","unmodeled","4","4","0","0","4","2","0","effect:20000970;effect:20000971;effect:20000972;effect:20000973","action_reference_missing;ambiguous_components;input_cost_unmapped;missing_dependency","1.17","false"
"4050","連なる火花の香り","Rolling Sparks","attack_or_unresolved_candidate","unmodeled","4","2","0","0","2","1","0","effect:20000970;effect:20000971;effect:20000972;effect:20000973","action_reference_missing;input_cost_unmapped;missing_dependency","1.17","false"
"4060","獣の急襲","Raging Beast","attack_or_unresolved_candidate","complete_action_candidate","13","12","12","0","0","0","0","","input_cost_unmapped","1.17","false"
"4070","獣爪撃","Savage Claws","attack_or_unresolved_candidate","complete_action_candidate","13","2","2","0","0","0","0","","input_cost_unmapped","1.17","false"
"4080","赤熊の狩り","Red Bear Hunt","attack_or_unresolved_candidate","complete_action_candidate","1","6","3","3","0","0","0","","input_cost_unmapped;missing_attack","1.17","false"
"4090","死角の一撃","Blind Spot","attack_or_unresolved_candidate","complete_action_candidate","39","9","8","0","1","1","0","","action_reference_missing;input_cost_unmapped","1.17","false"
"4100","速斬","Swift Slash","attack_or_unresolved_candidate","complete_action_candidate","39","4","2","2","0","0","0","","input_cost_unmapped;missing_attack","1.17","false"
"4110","大上段","Overhead Stance","attack_or_unresolved_candidate","complete_action_candidate","26","8","4","0","4","4","0","effect:20382202","action_reference_missing;input_cost_unmapped;missing_dependency","1.17","false"
"4120","片翼の構え","Wing Stance","attack_or_unresolved_candidate","complete_action_candidate","26","8","4","0","4","4","0","effect:20382202","action_reference_missing;input_cost_unmapped;missing_dependency","1.17","false"
"4130","瞬雷","Blinkbolt","attack_or_unresolved_candidate","unmodeled","1002","2","0","0","2","0","0","","independent_scaling;input_cost_unmapped","1.17","false"
"4140","火の串刺し","Flame Skewer","attack_or_unresolved_candidate","complete_action_candidate","396","8","4","0","4","0","0","","ambiguous_components;independent_scaling;input_cost_unmapped;projectile_formula","1.17","false"
"4150","猛獅子斬り","Savage Lion's Claw","attack_or_unresolved_candidate","complete_action_candidate","1300","4","2","2","0","0","4","","special_behavior","1.17","false"
"4160","神獣霜踏み","Divine Beast Frost Stomp","attack_or_unresolved_candidate","unmodeled","1002","4","0","0","4","2","0","","action_reference_missing;ambiguous_components;input_cost_unmapped","1.17","false"
"4170","火の槍","Flame Spear","attack_or_unresolved_candidate","complete_action_candidate","450","12","6","6","0","0","0","","input_cost_unmapped;projectile_formula","1.17","false"
"4180","ロイヤル・カーリア","Carian Sovereignty","attack_or_unresolved_candidate","complete_action_candidate","390","8","4","0","4","0","0","","independent_scaling;input_cost_unmapped;projectile_formula","1.17","false"
"4190","悲痛の叫び","Shriek of Sorrow","attack_or_unresolved_candidate","unmodeled","1169","2","0","0","2","0","0","","independent_scaling;input_cost_unmapped;non_damage","1.17","false"
"4210","エーゴンの竜狩り","Igon's Drake Hunt","attack_or_unresolved_candidate","unmodeled","2","5","0","0","5","3","0","","action_reference_missing;independent_scaling;input_cost_unmapped;projectile_formula","1.17","false"
"4220","霊炎呼び","Ghostflame Call","attack_or_unresolved_candidate","complete_action_candidate","462","6","3","2","1","0","0","effect:17655","ambiguous_components;input_cost_unmapped;missing_dependency;projectile_formula","1.17","false"
"4990","","Kick","attack_or_unresolved_candidate","unmodeled","11","2","0","0","2","2","0","","action_weapon_unverified;attack_reference_missing;input_cost_unmapped","1.17","false"
"5000","竜傷斬り","Dragonwound Slash","attack_or_unresolved_candidate","complete_action_candidate","1","4","3","1","0","0","0","","input_cost_unmapped;projectile_formula","1.17","false"
"5010","針の貫き","Needle Piercer","attack_or_unresolved_candidate","complete_action_candidate","1","2","1","0","1","0","0","effect:20001070;effect:20001071;effect:20001072;effect:20001073;effect:20001074;effect:20001075;effect:20001076;effect:20001077;effect:20001078;effect:20001079;effect:20001080;effect:20001081;effect:20001082;effect:20001083;effect:20001084;effect:503041","input_cost_unmapped;missing_dependency","1.17","false"
"5020","光","Light","attack_or_unresolved_candidate","unmodeled","1","2","0","0","2","1","0","","action_reference_missing;ambiguous_components;input_cost_unmapped;projectile_formula","1.17","false"
"5030","闇","Darkness","attack_or_unresolved_candidate","unmodeled","1","2","0","0","2","1","0","","action_reference_missing;input_cost_unmapped;projectile_formula","1.17","false"
"5040","オンジの連星","Onze's Line of Stars","attack_or_unresolved_candidate","complete_action_candidate","1","6","6","0","0","0","0","","input_cost_unmapped","1.17","false"
"5050","毒花は二度刺す","The Poison Flower Blooms Twice","attack_or_unresolved_candidate","unmodeled","1169","2","0","0","2","0","0","","independent_scaling;input_cost_unmapped;projectile_formula","1.17","false"
"5080","回転ギロチン","Spinning Guillotine","attack_or_unresolved_candidate","complete_action_candidate","1","6","6","0","0","0","0","","input_cost_unmapped","1.17","false"
"5090","終わりなき舞い","Unending Dance","attack_or_unresolved_candidate","complete_action_candidate","1","8","2","4","2","2","0","","action_reference_missing;input_cost_unmapped;special_behavior","1.17","false"
"5100","復讐の刃","Revenger's Blade","attack_or_unresolved_candidate","complete_action_candidate","1","6","4","0","2","0","0","","independent_scaling;input_cost_unmapped;special_behavior","1.17","false"
"5110","永眠の霧","Mists of Eternal Sleep","attack_or_unresolved_candidate","complete_action_candidate","1","2","1","1","0","0","0","","input_cost_unmapped;missing_attack","1.17","false"
"5120","王朝鎌技","Dynastic Sickleplay","attack_or_unresolved_candidate","complete_action_candidate","1","13","2","2","9","1","0","","action_reference_missing;input_cost_unmapped;special_behavior","1.17","false"
"5130","瞬雷・双斧","Blinkbolt: Twinaxe","attack_or_unresolved_candidate","complete_action_candidate","1","4","2","0","2","0","0","","independent_scaling;input_cost_unmapped","1.17","false"
"5140","瞬雷・長柄斧","Blinkbolt: Long-hafted Axe","attack_or_unresolved_candidate","complete_action_candidate","1","4","1","1","2","0","0","","independent_scaling;input_cost_unmapped;projectile_formula","1.17","false"
"5150","約束の王","Promised Consort","attack_or_unresolved_candidate","partial_only","1","6","0","3","3","0","0","","ambiguous_components;independent_scaling;input_cost_unmapped;projectile_formula;special_behavior","1.17","false"
"5160","影輪頭突き","Shadow Sunflower Headbutt","attack_or_unresolved_candidate","complete_action_candidate","1","6","6","0","0","0","0","","input_cost_unmapped","1.17","false"
"5170","月と火の構え","Moon-and-Fire Stance","attack_or_unresolved_candidate","complete_action_candidate","1","16","1","4","11","8","0","effect:20382202","action_reference_missing;input_cost_unmapped;missing_dependency;projectile_formula;special_behavior","1.17","false"
"5180","デボニアの渦","Devonia's Vortex","attack_or_unresolved_candidate","complete_action_candidate","1","4","2","0","2","0","0","","ambiguous_components;input_cost_unmapped;special_behavior","1.17","false"
"5190","メスメルの強襲","Messmer's Assault","attack_or_unresolved_candidate","complete_action_candidate","1","6","3","3","0","0","0","","input_cost_unmapped;missing_binding;non_damage;projectile_formula","1.17","false"
"5210","永遠に眠れ","Sleep Evermore","attack_or_unresolved_candidate","complete_action_candidate","1","6","6","0","0","0","0","","input_cost_unmapped","1.17","false"
"5220","黄金の磔","Golden Crux","attack_or_unresolved_candidate","complete_action_candidate","1","7","2","0","5","2","0","","action_reference_missing;grab_condition;input_cost_unmapped;projectile_formula","1.17","false"
"5230","ムーアの突撃","Moore's Charge","attack_or_unresolved_candidate","unmodeled","1","12","0","0","12","0","0","","input_cost_unmapped;non_damage;projectile_formula;special_behavior","1.17","false"
"5240","白光の突撃","White Light Charge","attack_or_unresolved_candidate","complete_action_candidate","1","4","2","0","2","1","0","","action_reference_missing;input_cost_unmapped;projectile_formula","1.17","false"
"5250","怨霊斬り","Rancor Slash","attack_or_unresolved_candidate","complete_action_candidate","1","8","1","1","6","0","0","effect:20000871;effect:20000873;effect:20000881;effect:20000883","action_weapon_unverified;input_cost_unmapped;missing_dependency;special_behavior","1.17","false"
"5260","夜闇の斬撃","Witching Hour Slash","attack_or_unresolved_candidate","partial_only","1","4","0","4","0","0","0","","input_cost_unmapped;special_behavior","1.17","false"
"5270","エウポリアの渦","Euporia Vortex","attack_or_unresolved_candidate","complete_action_candidate","1","4","2","2","0","0","0","","input_cost_unmapped;projectile_formula","1.17","false"
"5280","鍛冶術の槍","Smithing Art Spears","attack_or_unresolved_candidate","complete_action_candidate","1","2","1","1","0","0","0","","ambiguous_components;input_cost_unmapped","1.17","false"
"5290","怨霊斬り","Rancor Slash","attack_or_unresolved_candidate","complete_action_candidate","1","8","1","1","6","0","0","effect:20000871;effect:20000873;effect:20000881;effect:20000883","action_weapon_unverified;input_cost_unmapped;missing_dependency;special_behavior","1.17","false"
"5300","ロミナの祓い","Romina's Purification","attack_or_unresolved_candidate","complete_action_candidate","1","2","1","1","0","0","0","","ambiguous_components;input_cost_unmapped","1.17","false"
"5310","毒の貫手","Poison Spear-Hand Strike","attack_or_unresolved_candidate","complete_action_candidate","1","2","2","0","0","0","0","","input_cost_unmapped","1.17","false"
"5320","発狂の貫手","Madding Spear-Hand Strike","attack_or_unresolved_candidate","complete_action_candidate","1","2","1","0","1","0","0","effect:102370","input_cost_unmapped;missing_dependency","1.17","false"
"5330","弱き王の狂い火","Feeble Lord's Frenzied Flame","attack_or_unresolved_candidate","unmodeled","1","18","0","0","18","12","0","effect:102370","action_reference_missing;ambiguous_components;input_cost_unmapped;projectile_formula","1.17","false"
"5340","連弩の連射","Repeating Fire","attack_or_unresolved_candidate","unmodeled","1","16","0","0","16","14","0","","action_reference_missing;input_cost_unmapped;projectile_formula","1.17","false"
"5350","災いの舞い","Deadly Dance","attack_or_unresolved_candidate","complete_action_candidate","1","4","4","0","0","0","0","","input_cost_unmapped","1.17","false"
"5360","扇射ち","Fan Shot","attack_or_unresolved_candidate","unmodeled","1","6","0","0","6","4","0","","action_reference_missing;input_cost_unmapped;projectile_formula","1.17","false"
"5370","円盤投擲","Discus Hurl","attack_or_unresolved_candidate","unmodeled","1","6","0","0","6","0","0","","ambiguous_components;input_cost_unmapped;projectile_formula","1.17","false"
"5380","花の竜雷","Flower Dragonbolt","attack_or_unresolved_candidate","complete_action_candidate","1","4","2","0","2","0","0","","ambiguous_components;input_cost_unmapped","1.17","false"
"5390","叩頭憤怒","Kowtower's Resentment","attack_or_unresolved_candidate","unmodeled","1","4","0","0","4","2","0","","action_reference_missing;input_cost_unmapped;projectile_formula","1.17","false"
"5420","痛打","Painful Strike","attack_or_unresolved_candidate","partial_only","1","2","0","2","0","0","0","","input_cost_unmapped;special_behavior","1.17","false"
"5430","弧月斬り","Solitary Moon Slash","attack_or_unresolved_candidate","complete_action_candidate","1","4","1","3","0","0","0","","input_cost_unmapped;non_damage;projectile_formula","1.17","false"
"5440","夜の返報","Revenge of the Night","attack_or_unresolved_candidate","complete_action_candidate","1","10","5","0","5","0","0","","input_cost_unmapped;projectile_formula","1.17","false"
"5450","草刈り","Weed Cutter","attack_or_unresolved_candidate","complete_action_candidate","1","24","12","0","12","2","0","","action_reference_missing;both_hand_bonus;input_cost_unmapped;special_behavior","1.17","false"
"5460","幸せな目隠し","Blindfold of Happiness","attack_or_unresolved_candidate","unmodeled","1","6","0","0","6","6","0","","action_reference_missing;input_cost_unmapped","1.17","false"
"5470","イオリの責問","Jori's Inquisition","attack_or_unresolved_candidate","complete_action_candidate","1","4","1","0","3","2","0","","action_reference_missing;input_cost_unmapped;missing_attack;projectile_formula","1.17","false"
"5480","咆哮バッシュ","Roaring Bash","attack_or_unresolved_candidate","complete_action_candidate","1","6","6","0","0","0","0","","input_cost_unmapped","1.17","false"
"5490","猛毒散布","Deadly Poison Spray","attack_or_unresolved_candidate","unmodeled","1","2","0","0","2","1","0","","action_reference_missing;input_cost_unmapped;projectile_formula","1.17","false"
"5500","蛇よ燃えろ","Flare- O Serpent","attack_or_unresolved_candidate","unmodeled","1","2","0","0","2","2","0","","action_reference_missing;input_cost_unmapped","1.17","false"
"5510","散弾投擲・爪","Scattershot Throw","attack_or_unresolved_candidate","unmodeled","1","8","0","0","8","0","0","","action_weapon_unverified;input_cost_unmapped","1.17","false"
"5520","刃研ぎ","Hone Blade","attack_or_unresolved_candidate","unmodeled","1","2","0","0","2","2","0","","action_reference_missing;input_cost_unmapped","1.17","false"
"5530","角降ろし","Horn Calling","attack_or_unresolved_candidate","complete_action_candidate","1","2","1","1","0","0","0","","ambiguous_components;input_cost_unmapped","1.17","false"
"5540","角降ろし・嵐","Horn Calling: Storm","attack_or_unresolved_candidate","partial_only","1","6","0","2","4","0","0","","independent_scaling;input_cost_unmapped;projectile_formula;special_behavior","1.17","false"
"5550","巨剣陣","Tremendous Phalanx","attack_or_unresolved_candidate","complete_action_candidate","1","4","2","0","2","1","0","","action_reference_missing;input_cost_unmapped;projectile_formula","1.17","false"
"5560","血鬼の血授","Bloodfiends' Bloodboon","attack_or_unresolved_candidate","unmodeled","1","6","0","0","6","0","0","","ambiguous_components;input_cost_unmapped;missing_binding","1.17","false"
"5570","竜姿の炎","Dragonform Flame","attack_or_unresolved_candidate","unmodeled","1","2","0","0","2","0","0","","ambiguous_components;input_cost_unmapped;non_damage","1.17","false"
"5580","光速斬","Lightspeed Slash","attack_or_unresolved_candidate","complete_action_candidate","1","4","1","0","3","1","0","","action_reference_missing;independent_scaling;input_cost_unmapped;projectile_formula","1.17","false"
"5590","","Impaling Thrust","attack_or_unresolved_candidate","unmodeled","1","24","0","0","24","14","0","","action_reference_missing;action_weapon_unverified;input_cost_unmapped","1.17","false"
"5600","怨霊撃ち","Rancor Shot","attack_or_unresolved_candidate","unmodeled","1","6","0","0","6","4","0","","action_reference_missing;input_cost_unmapped;projectile_formula","1.17","false"
"8000","","Shield Strike","attack_or_unresolved_candidate","unmodeled","39","3","0","0","3","3","0","","action_reference_missing;action_weapon_unverified;input_cost_unmapped","1.17","false"
